time_s,truth,sensor_1,sensor_2,sensor_3,estimate,mode
0,20,20.0002460307,20.0597491075,19.9451724289,20.0002460307,0
0.1,20.0199996667,19.8418812989,19.9290655096,19.8216703557,19.8418812989,0
0.2,20.0399973334,20.0520260539,20.3080403825,19.9415560297,20.0520260539,0
0.3,20.0599910004,19.9358960204,20.1579594104,20.131368402,20.131368402,0
0.4,20.0799786684,20.1010615182,19.8938850594,20.0741283039,20.0741283039,0
0.5,20.0999583385,20.2390189774,19.8311154291,20.0084351863,20.0084351863,0
0.6,20.119928013,19.739683465,19.862020465,19.7515810054,19.7515810054,0
0.7,20.1398856947,20.0928674685,19.8863963984,20.1941385664,20.0928674685,0
0.8,20.1598293879,20.1911796053,20.122443199,19.6564774458,20.122443199,0
0.9,20.1797570984,20.0720185192,20.1700569093,20.2024188956,20.1700569093,0
1,20.1996668333,19.8936396802,20.1041161781,20.0039630177,20.0039630177,0
1.1,20.2195566017,20.0577891538,20.4317363264,20.0580496666,20.0580496666,0
1.2,20.2394244146,20.2329200736,20.4163023881,20.122704328,20.2329200736,0
1.3,20.2592682852,20.2369278953,20.2813611139,20.2720246401,20.2720246401,0
1.4,20.2790862293,20.034075064,20.2943142754,20.5508509136,20.2943142754,0
1.5,20.2988762649,19.9894473293,20.4707528026,20.3227470701,20.3227470701,0
1.6,20.3186364132,20.1903423344,20.7187197225,20.4710883556,20.4710883556,0
1.7,20.3383646981,20.0985069177,20.3532679439,20.4537026149,20.3532679439,0
1.8,20.3580591469,20.3203027218,20.4946412003,20.3447556828,20.3447556828,0
1.9,20.37771779,20.5111673021,20.6654223083,20.2425853398,20.5111673021,0
2,20.3973386616,20.4379663837,20.3046771463,20.4227923438,20.4227923438,0
2.1,20.4169197997,20.1794808941,20.3010594804,20.3776806051,20.3010594804,0
2.2,20.4364592462,20.6162120206,20.6655036477,20.1717536877,20.6162120206,0
2.3,20.4559550471,20.2970265739,20.5853357316,20.0574710902,20.2970265739,0
2.4,20.4754052529,20.3827712799,20.4559478677,20.7268082483,20.4559478677,0
2.5,20.4948079185,20.6326886986,20.4293652345,20.4210927397,20.4293652345,0
2.6,20.5141611038,20.4641220237,20.8188669839,20.4285561153,20.4641220237,0
2.7,20.5334628734,20.4727267957,20.6039806868,20.5093087844,20.5093087844,0
2.8,20.5527112971,20.5132544515,20.3298978685,20.5504070035,20.5132544515,0
2.9,20.5719044502,20.4831882056,20.8051300054,20.7025221507,20.7025221507,0
3,20.5910404133,20.5862116907,20.724716618,20.523066503,20.5862116907,0
3.1,20.6101172729,20.8205425446,20.6090373608,20.7267937437,20.7267937437,0
3.2,20.6291331212,20.3709544722,20.698469131,20.2914922978,20.3709544722,0
3.3,20.6480860568,20.2410202678,20.5871906812,20.4681005353,20.4681005353,0
3.4,20.6669741843,20.6997847434,21.1159255096,20.500629548,20.6997847434,0
3.5,20.6857956149,20.5610068976,20.7268764041,20.7843982732,20.7268764041,0
3.6,20.7045484666,20.6692672534,20.6633624005,20.8450410576,20.6692672534,0
3.7,20.7232308639,20.8272123913,20.5164956975,20.7073946002,20.7073946002,0
3.8,20.7418409388,20.7488983086,20.5309440144,20.793808759,20.7488983086,0
3.9,20.7603768302,20.5887855348,20.9547901718,20.7989260128,20.7989260128,0
4,20.7788366846,20.7966979818,20.660631014,20.7551147198,20.7551147198,0
4.1,20.797218656,20.3976693974,20.5709371619,20.8697866158,20.5709371619,0
4.2,20.8155209061,20.3898074978,20.9848426104,20.466301611,20.466301611,0
4.3,20.8337416049,20.9850893054,20.6646421983,20.9895398217,20.9850893054,0
4.4,20.8518789301,20.8780691716,20.5445119421,21.10170868,20.8780691716,0
4.5,20.8699310682,21.1582724993,20.856770087,20.8151478138,20.856770087,0
4.6,20.8878962139,20.8559228207,20.6928657494,21.1076135659,20.8559228207,0
4.7,20.9057725708,20.7971941844,20.8955344882,20.7471132901,20.7971941844,0
4.8,20.9235583511,20.7983437311,20.6680133208,21.1749722138,20.7983437311,0
4.9,20.9412517763,20.9104342617,21.1344361001,20.9439166957,20.9439166957,0
5,20.9588510772,20.8199703717,20.8935140252,20.8468048671,20.8468048671,0
5.1,20.9763544938,20.9779463136,20.9013011258,20.9163701506,20.9163701506,0
5.2,20.9937602757,20.7180453389,20.8323910902,21.3245717854,20.8323910902,0
5.3,21.0110666824,20.8768200392,20.8002479249,21.0785319489,20.8768200392,0
5.4,21.0282719833,21.3097264232,20.7374671228,20.9865676137,20.9865676137,0
5.5,21.0453744579,20.9189639471,20.693170563,21.1923597997,20.9189639471,0
5.6,21.0623723958,21.0576836121,21.0766607647,20.9119101014,21.0576836121,0
5.7,21.0792640975,21.1702209301,20.9714046276,21.0506834558,21.0506834558,0
5.8,21.0960478736,20.8743957151,20.8528273215,21.3631542446,20.8743957151,0
5.9,21.1127220458,21.0113011049,21.1710581171,21.1059639589,21.1059639589,0
6,21.1292849468,21.0410559062,21.0276927527,21.2553014651,21.0410559062,0
6.1,21.1457349202,21.0853613993,21.1154461906,21.1501792316,21.1154461906,0
6.2,21.1620703211,21.3973719851,21.298172516,21.2385903746,21.298172516,0
6.3,21.1782895159,21.0655752372,20.9018957719,21.3681955022,21.0655752372,0
6.4,21.1943908827,21.3876803096,21.1662492029,21.302767651,21.302767651,0
6.5,21.2103728115,21.3666614222,21.376609702,21.3946495061,21.376609702,0
6.6,21.2262337039,21.1351101738,21.5292283005,20.9769150923,21.1351101738,0
6.7,21.2419719741,21.4143165895,21.3407583899,21.4166957968,21.4143165895,0
6.8,21.257586048,21.6333877095,21.5544751427,21.0285506666,21.5544751427,0
6.9,21.2730743644,20.9353400484,21.4364521763,21.0700718813,21.0700718813,0
7,21.2884353745,21.2859542967,21.4563808699,20.9596759042,21.2859542967,0
7.1,21.303667542,20.8816714512,21.3555273461,21.31254472,21.31254472,0
7.2,21.3187693439,21.2696087297,21.3264762967,21.1466662225,21.2696087297,0
7.3,21.33373927,21.0310403886,21.3004082998,21.1393975318,21.1393975318,0
7.4,21.3485758233,21.0198795588,21.4497120375,21.3362960976,21.3362960976,0
7.5,21.36327752,21.4445832274,21.1654185318,21.2316657617,21.2316657617,0
7.6,21.3778428902,21.1780342848,21.2005145168,21.4169244738,21.2005145168,0
7.7,21.3922704773,21.235675554,21.463483735,21.4602216623,21.4602216623,0
7.8,21.4065588384,21.8115910358,21.1280010292,21.584139314,21.584139314,0
7.9,21.4207065448,21.4028089525,21.4179005988,21.1307337805,21.4028089525,0
8,21.4347121818,21.3426734193,21.5833516345,21.4182165074,21.4182165074,0
8.1,21.4485743487,21.4647852228,21.3904310126,21.6794882981,21.4647852228,0
8.2,21.4622916595,21.457997146,21.022208525,21.3238771494,21.3238771494,0
8.3,21.4758627422,21.0821034208,20.8255750591,21.3698396723,21.0821034208,0
8.4,21.4892862399,21.75599821,21.4987102212,21.2547770985,21.4987102212,0
8.5,21.5025608103,21.3144208366,21.7286834563,21.534086135,21.534086135,0
8.6,21.5156851258,21.5252849741,21.504992768,21.5233651781,21.5233651781,0
8.7,21.5286578741,21.6897390034,21.6391713335,21.5717988141,21.6391713335,0
8.8,21.5414777578,21.3329040863,21.6436995108,21.4046283422,21.4046283422,0
8.9,21.5541434951,21.7729126302,21.2999333307,21.5266192998,21.5266192998,0
9,21.5666538193,21.565182162,21.3017247091,21.911048148,21.565182162,0
9.1,21.5790074794,21.8710888328,21.4862907271,21.7333517125,21.7333517125,0
9.2,21.5912032401,21.666938454,21.0684913474,21.6412828433,21.6412828433,0
9.3,21.6032398818,21.5909710658,21.6198833525,21.3878648978,21.5909710658,0
9.4,21.6151162008,21.5612467916,21.5794644481,21.8527350443,21.5794644481,0
9.5,21.6268310096,21.6937164217,21.6257200035,21.9326250092,21.6937164217,0
9.6,21.6383831366,21.5273335506,21.5604970756,21.2750321343,21.5273335506,0
9.7,21.6497714267,21.9635925959,21.8426379003,21.8331410356,21.8426379003,0
9.8,21.660994741,21.7947744303,21.6830244585,21.7040925288,21.7040925288,0
9.9,21.6720519572,21.6216506391,21.6313318721,21.6829126795,21.6313318721,0
10,21.6829419696,21.9853078719,21.79407955,21.6712499445,21.79407955,0
10.1,21.6936636892,21.5777852791,21.5666639918,22.0142046915,21.5777852791,0
10.2,21.7042160439,21.8055535047,21.7177261556,21.6349796755,21.7177261556,0
10.3,21.7145979784,21.492787296,21.7012256669,21.8893295853,21.7012256669,0
10.4,21.7248084545,21.6463010051,21.6793599379,21.6806015842,21.6793599379,0
10.5,21.7348464512,21.7567653248,21.4162442754,21.6877667808,21.6877667808,0
10.6,21.7447109647,21.5738318611,21.9216279712,21.5905912294,21.5905912294,0
10.7,21.7544010085,21.869810358,22.0592884991,21.6916817563,21.869810358,0
10.8,21.7639156138,21.6436003633,21.8022020656,21.7635098082,21.7635098082,0
10.9,21.7732538289,21.5745305594,21.865437712,22.1763570396,21.865437712,0
11,21.7824147201,21.7307923211,21.7418394809,21.5734283154,21.7307923211,0
11.1,21.7913973714,21.8552150617,21.5420021264,21.5700111665,21.5700111665,0
11.2,21.8002008844,22.0561343387,21.6191102725,22.0164723982,22.0164723982,0
11.3,21.8088243788,22.1136959795,21.8606896703,21.9195026593,21.9195026593,0
11.4,21.8172669922,22.207717181,21.7779213118,21.6986658328,21.7779213118,0
11.5,21.8255278805,21.5548816676,21.8338692966,22.1213567227,21.8338692966,0
11.6,21.8336062175,22.0255252938,21.6451879693,21.6625311408,21.6625311408,0
11.7,21.8415011955,21.7406669496,21.899954812,21.8004389101,21.8004389101,0
11.8,21.8492120248,21.8921028139,21.9085599004,21.7894573075,21.8921028139,0
11.9,21.8567379345,21.8487031462,21.8980564099,21.8399439938,21.8487031462,0
12,21.8640781719,21.9647823449,22.2382533266,21.9824726289,21.9824726289,0
12.1,21.8712320031,21.8823941124,21.5340082784,21.9488234203,21.8823941124,0
12.2,21.8781987126,21.4888630303,21.5963918954,22.0491265631,21.5963918954,0
12.3,21.8849776039,22.0262246159,21.8549898042,21.5429753826,21.8549898042,0
12.4,21.8915679989,21.8172982955,21.7558203353,22.0189361481,21.8172982955,0
12.5,21.8979692387,22.3495153452,21.9413553363,21.7421070131,21.9413553363,0
12.6,21.9041806832,21.6700703771,21.892961827,21.8688220445,21.8688220445,0
12.7,21.9102017112,21.6798978793,21.9334727583,21.6800190069,21.6800190069,0
12.8,21.9160317206,22.1384531749,22.1285618417,22.1329819736,22.1329819736,0
12.9,21.9216701284,21.8268600343,22.0245742411,21.8952562274,21.8952562274,0
13,21.9271163708,21.8493539586,21.8592872394,21.6671733162,21.8493539586,0
13.1,21.9323699032,21.643597164,22.0912328614,21.8941228224,21.8941228224,0
13.2,21.9374302002,21.9807151705,22.1377722779,21.5908037012,21.9807151705,0
13.3,21.9422967558,21.7854707411,21.9773637245,22.0207157132,21.9773637245,0
13.4,21.9469690834,21.8715541933,22.1528049299,21.9890480712,21.9890480712,0
13.5,21.9514467157,21.7087702879,21.7652939605,22.1125409278,21.7652939605,0
13.6,21.9557292049,22.0484954962,21.5759169571,22.2252716656,22.0484954962,0
13.7,21.9598161228,22.079421529,22.2284847203,21.8830759466,22.079421529,0
13.8,21.9637070607,21.9045658165,21.7384156438,22.4710929748,21.9045658165,0
13.9,21.9674016296,21.9323107845,22.284908268,21.8379431393,21.9323107845,0
14,21.97089946,22.0036676984,21.6366289627,21.8943260302,21.8943260302,0
14.1,21.974200202,22.1709511837,21.7238514389,22.188645711,22.1709511837,0
14.2,21.9773035257,22.0447510889,21.7685133407,21.8769840714,21.8769840714,0
14.3,21.9802091207,21.8883959853,21.9703052531,21.8729803275,21.8883959853,0
14.4,21.9829166964,21.8174591162,21.9219991559,21.7775387487,21.8174591162,0
14.5,21.9854259821,21.7275206675,21.9757906856,22.1620008272,21.9757906856,0
14.6,21.9877367268,21.6818623858,21.9884383571,21.8577454879,21.8577454879,0
14.7,21.9898486996,21.7944196121,22.1605362301,21.8862147617,21.8862147617,0
14.8,21.9917616891,22.2914220257,21.8357938162,22.0690620878,22.0690620878,0
14.9,21.9934755041,21.9480189028,21.8426711423,22.1110105126,21.9480189028,0
15,21.9949899732,31.9639934586,22.1156320894,21.9855316718,22.1156320894,1
15.1,21.996304945,31.7791416939,21.9758910964,22.0066959789,22.0066959789,1
15.2,21.997420288,32.1891128787,21.8161664865,21.9895543173,21.9895543173,1
15.3,21.9983358905,31.6539601445,22.1286345026,21.7820392956,22.1286345026,1
15.4,21.9990516612,31.637779757,21.9872082944,22.2201886529,22.2201886529,1
15.5,21.9995675284,31.6946781387,21.7819604113,21.8509125502,21.8509125502,1
15.6,21.9998834405,31.7739841112,22.0757690181,21.8384099515,22.0757690181,1
15.7,21.9999993659,31.8556964186,22.1166604456,21.8488964397,22.1166604456,1
15.8,21.999915293,32.0864713126,21.8056382586,21.7574875902,21.8056382586,1
15.9,21.9996312303,31.6325413724,22.3718717877,21.9355794238,22.3718717877,1
16,21.9991472061,32.0479338797,21.9929373043,22.0311395575,22.0311395575,1
16.1,21.9984632688,32.0084005647,22.3801066767,21.7906779507,22.3801066767,1
16.2,21.9975794869,31.6860870657,21.7951875532,21.730637685,21.7951875532,1
16.3,21.9964959488,32.1458883593,22.1605715907,21.8042328397,22.1605715907,1
16.4,21.9952127626,31.7171256073,21.924253432,22.2734375382,22.2734375382,1
16.5,21.9937300569,31.4298161733,22.0990554107,21.7785790114,22.0990554107,1
16.6,21.9920479798,32.2001214091,21.7764631917,21.9349648144,21.9349648144,1
16.7,21.9901666996,31.6889108795,21.7947151295,22.2673345322,22.2673345322,1
16.8,21.9880864044,32.1522021416,21.907752774,21.8140519304,21.907752774,1
16.9,21.9858073022,31.6070458749,21.9070759598,21.9796266517,21.9796266517,1
17,21.9833296209,31.9665187493,21.9645712353,21.7589676955,21.9645712353,1
17.1,21.9806536083,31.9673988312,21.9729189324,22.2387660159,22.2387660159,1
17.2,21.977779532,32.3511262229,21.9503817266,21.8245183418,21.9503817266,1
17.3,21.9747076794,31.9617112534,21.8531834244,21.8262209163,21.8531834244,1
17.4,21.9714383577,31.9597083273,21.7627774714,22.0926597079,22.0926597079,1
17.5,21.9679718937,31.9471887839,22.0179735551,21.9313838866,22.0179735551,1
17.6,21.9643086343,31.8188577448,21.7747167223,21.9168534334,21.9168534334,1
17.7,21.9604489456,31.8506968781,22.0072292122,21.9595626049,22.0072292122,1
17.8,21.9563932136,31.683931864,21.9698174735,21.6878211302,21.9698174735,1
17.9,21.952141844,31.8288463189,21.8932711221,21.5370871884,21.8932711221,1
18,21.9476952618,31.9659967513,21.9778919317,21.9160904231,21.9778919317,1
18.1,21.9430539116,31.8581904572,21.8683331796,21.7477460179,21.8683331796,1
18.2,21.9382182578,31.8842781838,21.8276958971,21.9565553363,21.9565553363,1
18.3,21.9331887837,31.6923615658,21.9803067655,21.9618325624,21.9803067655,1
18.4,21.9279659923,31.8996534259,21.8401250277,22.0384339708,22.0384339708,1
18.5,21.922550406,31.5896300646,22.0146410736,21.9711578992,22.0146410736,1
18.6,21.9169425662,31.9736178247,21.9936050846,21.7862136848,21.9936050846,1
18.7,21.9111430337,31.859251022,22.0385546999,21.9972708825,22.0385546999,1
18.8,21.9051523885,31.9464949416,21.6022883395,22.0127298115,22.0127298115,1
18.9,21.8989712297,32.1328654281,22.1009055283,21.9457468395,22.1009055283,1
19,21.8926001754,31.5810644547,22.0811091382,21.863149248,22.0811091382,1
19.1,21.8860398626,31.379535933,21.9614813432,21.587605506,21.9614813432,1
19.2,21.8792909474,31.6200028313,21.7522991689,22.1338091829,22.1338091829,1
19.3,21.8723541046,31.7981850338,21.9265524222,22.2219476974,22.2219476974,1
19.4,21.865230028,32.1840359806,21.8445593449,21.8169258236,21.8445593449,1
19.5,21.85791943,31.6057453032,21.7190278152,21.9429910995,21.9429910995,1
19.6,21.8504230416,31.9295691939,21.8724706878,22.0493833731,22.0493833731,1
19.7,21.8427416124,31.6882680098,21.8315263083,21.9889902101,21.9889902101,1
19.8,21.8348759106,31.9517050918,22.0490650657,21.9142799919,22.0490650657,1
19.9,21.8268267227,31.7649462116,21.8992651747,21.6263076834,21.8992651747,1
20,21.8185948537,31.4907029873,21.9347292098,21.8075667871,21.9347292098,1
20.1,21.8101811267,31.8718630519,21.4706442539,21.7371583217,21.7371583217,1
20.2,21.801586383,31.6816149603,21.6287439601,21.3505833818,21.6287439601,1
20.3,21.7928114823,31.7258367859,21.9722723399,21.8690110267,21.9722723399,1
20.4,21.7838573019,31.66366798,21.7808821076,21.935217318,21.935217318,1
20.5,21.7747247373,31.2226411647,21.7498174279,21.8833647667,21.8833647667,1
20.6,21.7654147016,31.9018404267,22.105560743,21.9924238375,22.105560743,1
20.7,21.755928126,31.8184406929,21.8163233272,21.9133171956,21.9133171956,1
20.8,21.746265959,31.6384005601,21.738228348,21.9275137596,21.9275137596,1
20.9,21.7364291669,32.1279182099,21.7045757057,21.726749029,21.726749029,1
21,21.7264187333,31.7661147721,21.9950594721,21.7203560726,21.9950594721,1
21.1,21.7162356593,32.0101074666,21.5229042158,21.6790284001,21.6790284001,1
21.2,21.7058809631,31.6662479318,21.8631821079,21.9149330385,21.9149330385,1
21.3,21.6953556803,31.3934668086,21.5123321551,21.762726176,21.762726176,1
21.4,21.6846608633,31.5529221341,21.3801753081,21.8923568577,21.8923568577,1
21.5,21.6737975816,31.7725915984,21.772433081,21.5787084383,21.772433081,1
21.6,21.6627669216,31.868554612,21.6147749223,21.8820539771,21.8820539771,1
21.7,21.6515699862,31.469236956,21.4807428967,21.6925026283,21.6925026283,1
21.8,21.6402078952,31.4997414661,21.7752981083,21.6922254441,21.7752981083,1
21.9,21.6286817849,31.4440875413,21.643254905,21.5584262472,21.643254905,1
22,21.6169928076,31.8001593735,21.490482211,21.5291581885,21.5291581885,1
22.1,21.6051421325,31.8473895136,22.0528608103,22.0049438653,22.0528608103,1
22.2,21.5931309445,31.6057755468,21.6369018859,21.8998226769,21.8998226769,1
22.3,21.5809604447,31.5560734834,21.3856906173,21.6043355642,21.6043355642,1
22.4,21.5686318502,31.6589352063,21.4028019266,21.2393856219,21.4028019266,1
22.5,21.5561463938,31.2688004909,21.6892322506,21.4044710905,21.6892322506,1
22.6,21.543505324,31.5152359056,21.5860170609,21.6673334999,21.6673334999,1
22.7,21.5307099051,31.4637293453,21.6304530452,21.3526978466,21.6304530452,1
22.8,21.5177614164,31.4454186112,21.3128782988,21.7441148596,21.7441148596,1
22.9,21.5046611528,31.4992445072,21.3567996553,21.4341867932,21.4341867932,1
23,21.4914104244,31.4470647282,21.6315143826,21.1722831887,21.6315143826,1
23.1,21.4780105561,31.2705693878,21.4023891058,21.9844717227,21.9844717227,1
23.2,21.4644628881,31.6555986666,21.4421725522,21.6068628045,21.6068628045,1
23.3,21.4507687749,31.8622560089,21.4040199896,21.3774861061,21.4040199896,1
23.4,21.4369295861,31.6793182948,21.5357646858,21.5711962172,21.5711962172,1
23.5,21.4229467056,31.3213022257,21.8077873321,21.7648648659,21.8077873321,1
23.6,21.4088215315,31.5220110893,21.5456794992,21.0033693571,21.5456794992,1
23.7,21.3945554765,31.5220974352,21.3557337591,21.4813366177,21.4813366177,1
23.8,21.3801499671,31.5166418495,21.3118916135,21.0420536071,21.3118916135,1
23.9,21.3656064439,31.4391813569,21.2173297134,21.2995676253,21.2995676253,1
24,21.3509263611,31.2300243923,21.2826115101,20.8890221696,21.2826115101,1
24.1,21.3361111868,31.5795006123,21.3867804073,21.5583910394,21.5583910394,1
24.2,21.3211624026,31.7171307685,21.3256810271,20.9606751514,21.3256810271,1
24.3,21.3060815031,31.1273041331,21.064700607,21.2057065745,21.2057065745,1
24.4,21.2908699967,31.3067995923,20.8904325433,21.3593650953,21.3593650953,1
24.5,21.2755294043,30.9734580736,21.3350024568,21.2536311752,21.3350024568,1
24.6,21.26006126,31.1973350122,21.2454526488,21.1521056568,21.2454526488,1
24.7,21.2444671106,31.121972822,20.9079158325,21.2385416477,21.2385416477,1
24.8,21.2287485156,31.5978552577,21.6248475282,21.4931120349,21.6248475282,1
24.9,21.2129070468,31.3540673669,21.0776110219,21.5014572044,21.5014572044,1
25,21.1969442882,31.1857187773,21.1831691863,21.1386988618,21.1831691863,1
25.1,21.1808618362,31.199254216,21.0938188559,21.1641054024,21.1641054024,1
25.2,21.164661299,30.9477414773,21.0899285581,21.620772593,21.620772593,1
25.3,21.1483442967,31.1344254911,21.1006121838,21.2548191525,21.2548191525,1
25.4,21.1319124609,31.2735368252,20.9091586891,21.0904807043,21.0904807043,1
25.5,21.1153674348,31.299022603,21.1693349606,21.1397582435,21.1693349606,1
25.6,21.0987108729,31.4095144066,20.9631563209,21.1152600519,21.1152600519,1
25.7,21.0819444408,30.9779327077,21.3800060866,20.6915723609,21.3800060866,1
25.8,21.0650698151,30.931041476,20.9592384219,21.1977777397,21.1977777397,1
25.9,21.0480886834,31.1693437786,21.3271275354,20.7332821149,21.3271275354,1
26,21.0310027436,31.1810977454,20.9723467708,20.8978776962,20.9723467708,1
26.1,21.0138137045,31.1217274112,20.8297857879,20.5984310454,20.8297857879,1
26.2,20.9965232848,30.922479587,20.6969691145,20.8667401206,20.8667401206,1
26.3,20.9791332137,31.0534441664,21.0415331628,21.2965131034,21.2965131034,1
26.4,20.96164523,30.9217142806,20.6549789119,20.8104258587,20.8104258587,1
26.5,20.9440610826,30.7601842377,20.7004960509,21.0311345216,21.0311345216,1
26.6,20.9263825299,30.7973360623,20.5309079665,21.0657670905,21.0657670905,1
26.7,20.9086113397,30.8863260259,20.9799787953,20.9297556486,20.9799787953,1
26.8,20.8907492891,31.0170802359,20.8983530385,21.1379897858,21.1379897858,1
26.9,20.8727981643,30.9577947223,20.951211689,20.9547715479,20.9547715479,1
27,20.8547597605,30.563432212,20.8218326101,20.8028964626,20.8218326101,1
27.1,20.8366358814,30.8781452256,20.5648970485,21.1634588367,21.1634588367,1
27.2,20.8184283393,30.8393060722,20.5761648312,20.4766509466,20.5761648312,1
27.3,20.8001389552,30.7438814964,20.7822038726,20.656480538,20.7822038726,1
27.4,20.7817695578,30.8001923234,20.6535344043,20.8921012081,20.8921012081,1
27.5,20.7633219841,30.6184136204,20.7556219391,20.9590898188,20.9590898188,1
27.6,20.7447980789,31.2591318554,20.5432694403,20.6518965248,20.6518965248,1
27.7,20.7261996944,30.5582325548,20.8830653588,20.4965798333,20.8830653588,1
27.8,20.7075286906,30.6106572815,20.701608434,20.5117929827,20.701608434,1
27.9,20.6887869345,30.4973219261,20.5936623569,20.2686988864,20.5936623569,1
28,20.6699763003,30.3808806569,20.5873694828,20.6996224276,20.6996224276,1
28.1,20.651098669,30.6139466718,20.2963049301,20.5583414107,20.5583414107,1
28.2,20.6321559284,30.7918434565,20.7433290308,20.6164063561,20.7433290308,1
28.3,20.6131499728,30.4356759977,20.739393247,20.4973641765,20.739393247,1
28.4,20.5940827026,30.3602330221,20.4336454556,20.883751761,20.883751761,1
28.5,20.5749560247,30.6189920323,20.8068054353,20.479088762,20.8068054353,1
28.6,20.5557718516,30.7434017195,20.4354710429,20.5242863778,20.5242863778,1
28.7,20.5365321019,31.0338021539,20.6899618283,20.4362980268,20.6899618283,1
28.8,20.5172386993,30.5002748915,20.5824833835,20.7593302172,20.7593302172,1
28.9,20.4978935733,30.400066955,20.1496297564,20.4419652107,20.4419652107,1
29,20.4784986584,30.4815757499,20.5004062522,20.7418366857,20.7418366857,1
29.1,20.459055894,30.5223933097,20.6216392884,20.2388331553,20.6216392884,1
29.2,20.4395672245,30.6131475221,20.8588111908,20.5941490825,20.8588111908,1
29.3,20.4200345985,30.4707457425,20.4508322362,20.7774630463,20.7774630463,1
29.4,20.4004599694,30.2150236728,20.3782394979,20.492501488,20.492501488,1
29.5,20.3808452947,30.5296455163,20.2933797136,20.4423095737,20.4423095737,1
29.6,20.3611925358,30.3056082395,20.3852867623,20.3347742277,20.3852867623,1
29.7,20.3415036579,30.1131849223,20.3372809409,20.5169339623,20.5169339623,1
29.8,20.3217806299,30.1283769716,20.2735622802,20.4547366428,20.4547366428,1
29.9,20.3020254242,30.0880524028,20.3385530917,20.0899994604,20.3385530917,1
30,20.2822400161,10.5091661163,20.7448042925,30.686691073,nan,2
30.1,20.2624263843,10.2185902487,20.41046621,30.28662593,nan,2
30.2,20.2425865101,10.2630076893,20.5521379222,29.9787505948,nan,2
30.3,20.2227223774,10.4337812969,20.2129271783,30.5044305015,nan,2
30.4,20.2028359726,10.2402826464,20.0683015737,30.258264048,nan,2
30.5,20.1829292845,10.3301227035,20.1900820193,30.2805369398,nan,2
30.6,20.1630043035,10.0586692684,19.7362275234,30.3430090203,nan,2
30.7,20.1430630223,10.2828949695,20.1726986992,30.1567451347,nan,2
30.8,20.1231074349,10.3303665887,20.0316860898,29.9818006218,nan,2
30.9,20.1031395368,10.0654295629,20.3409589745,29.8257169559,nan,2
31,20.0831613249,10.3215273234,19.955310754,29.8630126249,nan,2
31.1,20.0631747969,10.3151871641,20.0437967779,29.803127924,nan,2
31.2,20.0431819515,9.97143533964,20.2293924376,30.28159679,nan,2
31.3,20.0231847879,9.93776505149,20.1044489397,30.1660017144,nan,2
31.4,20.0031853058,9.87426000709,20.0741925209,29.9968097229,nan,2
31.5,19.9831855053,9.87598062317,19.8847559182,29.9965924016,nan,2
31.6,19.9631873861,9.96915808353,19.8500893955,29.8779983645,nan,2
31.7,19.9431929482,10.1658603959,19.9859583753,30.1202118216,nan,2
31.8,19.923204191,10.1635686374,20.0409726429,30.3773814537,nan,2
31.9,19.9032231133,9.73816230691,20.0649050319,29.8395943187,nan,2
32,19.8832517131,10.2544083658,20.2233397374,29.4924094767,nan,2
32.1,19.8632919878,9.66951873926,19.9961545699,30.0212654297,nan,2
32.2,19.8433459331,9.99065877629,19.8291728674,29.934370098,nan,2
32.3,19.8234155436,9.95401983079,19.8078412897,30.0288759373,nan,2
32.4,19.8035028125,9.35160336269,19.9302615164,29.5966922901,nan,2
32.5,19.7836097309,9.97534529253,19.737872846,29.6058522767,nan,2
32.6,19.7637382882,9.83851871957,19.5814715886,29.5811847087,nan,2
32.7,19.7438904715,9.43043160028,19.7385489205,29.8432551758,nan,2
32.8,19.7240682655,9.92867346268,19.6957226931,29.9336393071,nan,2
32.9,19.7042736524,9.70786584742,19.6856159562,29.818986242,nan,2
33,19.6845086117,9.89618716694,19.6162217208,29.6357562873,nan,2
33.1,19.6647751199,9.63260883897,19.6813289453,29.484693478,nan,2
33.2,19.6450751503,9.85067636233,19.564993224,29.7375638417,nan,2
33.3,19.6254106729,9.46031615847,19.6971714635,29.7037292761,nan,2
33.4,19.6057836541,9.52164737277,20.0099615407,29.6799916464,nan,2
33.5,19.5861960567,9.94158184125,19.7780238414,29.4537410952,nan,2
33.6,19.5666498392,9.49021247609,19.6538702527,29.5788843456,nan,2
33.7,19.5471469565,9.5570391848,19.4899059656,29.1854516853,nan,2
33.8,19.5276893586,9.48260282992,19.0840650658,29.6020532724,nan,2
33.9,19.5082789914,9.36306743395,19.3651956462,29.4644182323,nan,2
34,19.4889177959,9.54345226521,19.2025165604,29.139197558,nan,2
34.1,19.4696077083,9.25639453396,19.0612622034,29.2762377863,nan,2
34.2,19.4503506594,9.76852726546,19.2390334761,29.5806316943,nan,2
34.3,19.4311485749,9.15682161327,19.4909726054,29.3672018125,nan,2
34.4,19.4120033752,9.40004081806,19.525758894,29.7632514002,nan,2
34.5,19.3929169746,9.43185824455,19.4177887649,29.1982434311,nan,2
34.6,19.3738912818,9.49055921286,19.3246768157,29.5402926904,nan,2
34.7,19.3549281994,9.34618690926,19.7030993401,28.9583448987,nan,2
34.8,19.3360296236,9.27670975153,19.5123259513,29.2658911841,nan,2
34.9,19.3171974442,9.15876283045,19.2640213231,29.0412116947,nan,2
35,19.2984335446,9.32222429896,19.7865259127,29.5274398443,nan,2
35.1,19.2797398011,9.05793797975,19.1050715846,29.1987942393,nan,2
35.2,19.2611180829,9.46200130846,19.0968206811,29.1230717991,nan,2
35.3,19.2425702523,9.41952013904,19.4155007664,29.1678073203,nan,2
35.4,19.2240981641,9.00054548124,18.9141491995,29.0843001387,nan,2
35.5,19.2057036654,8.75959788497,19.3556676418,29.0796975255,nan,2
35.6,19.1873885957,9.28364732856,19.5610535732,29.4219877371,nan,2
35.7,19.1691547865,8.93892781887,19.3430045838,29.400726192,nan,2
35.8,19.151004061,9.00173275741,18.9603446764,29.1290656816,nan,2
35.9,19.1329382345,8.81265356459,19.4270852244,28.6518654759,nan,2
36,19.1149591134,8.89359763026,19.0610460806,29.0695416951,nan,2
36.1,19.0970684957,9.13029333031,19.1513582094,29.0543460928,nan,2
36.2,19.0792681703,9.3066454341,18.6513929364,29.0792352676,nan,2
36.3,19.0615599174,8.91864303508,19.0880626045,29.105711885,nan,2
36.4,19.0439455077,8.86157973243,18.9157557084,29.2024628524,nan,2
36.5,19.0264267027,9.09623795642,18.8903770154,29.4344048946,nan,2
36.6,19.0090052542,9.47084078387,18.7165127584,29.0693642462,nan,2
36.7,18.9916829043,9.49348179142,19.1484626301,29.0358949329,nan,2
36.8,18.9744613853,8.93285001862,18.8662225281,28.9319584448,nan,2
36.9,18.9573424193,8.84719653681,19.106324091,28.8777116888,nan,2
37,18.9403277182,8.85209741578,18.6998955808,28.9304097433,nan,2
37.1,18.9234189834,8.74459464873,18.8872689497,29.131782094,nan,2
37.2,18.9066179059,8.97980288312,19.0075629648,28.9778360858,nan,2
37.3,18.8899261656,8.90176131164,18.8644605195,28.8283649224,nan,2
37.4,18.8733454318,9.02516883357,18.6564974699,29.141489949,nan,2
37.5,18.8568773625,8.86369297505,18.7071372844,28.7590481467,nan,2
37.6,18.8405236045,8.7051255243,18.8725649043,28.6969549956,nan,2
37.7,18.8242857932,9.052712033,18.6679579947,28.3697814072,nan,2
37.8,18.8081655524,8.66196585384,18.4064613177,28.8001917823,nan,2
37.9,18.792164494,9.00399608965,18.921716454,28.524646593,nan,2
38,18.7762842181,8.6238331618,19.1320109252,28.8399864999,nan,2
38.1,18.7605263128,8.76135005134,18.971738825,29.2510745379,nan,2
38.2,18.7448923538,9.00420700936,18.7727754048,28.815829989,nan,2
38.3,18.7293839046,8.85279986281,18.6068442053,28.51764001,nan,2
38.4,18.7140025159,8.72449233259,18.52456027,28.7017100321,nan,2
38.5,18.6987497259,8.71797433387,19.1669571902,28.5285397269,nan,2
38.6,18.6836270598,8.6592692734,18.6507664819,28.7710891665,nan,2
38.7,18.6686360299,8.87798089622,18.5705393296,28.5043656239,nan,2
38.8,18.6537781353,8.32563601213,18.468537236,28.7610663022,nan,2
38.9,18.6390548618,8.64818427015,18.4359680628,28.5645013665,nan,2
39,18.6244676816,8.63076227119,18.725203468,28.5057888111,nan,2
39.1,18.6100180536,8.55993004204,18.2463311069,28.3797408931,nan,2
39.2,18.5957074225,8.91925055417,18.158079288,28.528146912,nan,2
39.3,18.5815372196,8.62537686547,18.5066673705,28.4199057149,nan,2
39.4,18.5675088618,8.55529315527,18.5665157815,28.5510853808,nan,2
39.5,18.5536237518,8.1780813276,18.5241430262,28.3826012138,nan,2
39.6,18.5398832783,8.43033610336,18.585278231,28.6680290284,nan,2
39.7,18.5262888153,8.70564428212,18.4270062039,28.7110893706,nan,2
39.8,18.5128417221,8.74758722864,18.740169307,28.7907953099,nan,2
39.9,18.4995433435,8.47040684236,18.4647169605,28.6645534994,nan,2
40,18.4863950094,18.2130901464,18.5282808188,18.380283211,nan,2
40.1,18.4733980345,18.3996402243,18.1250951449,18.2952891733,nan,2
40.2,18.4605537185,18.4564549326,18.6382443533,18.6585590364,nan,2
40.3,18.4478633458,18.4317980508,18.4100056744,18.2817275084,nan,2
40.4,18.4353281855,18.5157994849,18.3858125854,18.5565050934,nan,2
40.5,18.4229494911,18.773286852,18.4164744997,18.1234785963,nan,2
40.6,18.4107285005,18.2385584119,18.1190990122,18.1713065626,nan,2
40.7,18.3986664356,18.6597205803,18.4439983503,18.0946315493,nan,2
40.8,18.3867645028,18.517490936,18.6388394776,18.3147895913,nan,2
40.9,18.3750238922,18.2398257244,18.3075483497,18.4319451943,nan,2
41,18.3634457779,18.4914398079,18.5998891455,18.6059414191,nan,2
41.1,18.3520313176,18.5891120872,18.6244156039,18.4843088755,nan,2
41.2,18.3407816528,18.0346003319,18.3145888069,18.4035657553,nan,2
41.3,18.3296979084,18.2530726554,18.5119500794,18.257655114,nan,2
41.4,18.3187811929,18.1336317869,18.6076409928,18.4519820549,nan,2
41.5,18.3080325978,18.3518833547,18.4933744161,18.5205394457,nan,2
41.6,18.2974531981,18.3656603603,17.8059209143,18.162335308,nan,2
41.7,18.2870440517,18.1957282258,18.0902038726,18.3267795385,nan,2
41.8,18.2768061994,18.5152466259,18.1798250823,18.0498396654,nan,2
41.9,18.266740665,18.6723476272,18.1764531438,18.0201476801,nan,2
42,18.2568484552,18.3043839051,18.3419849715,18.1158384372,nan,2
42.1,18.247130559,18.4052212739,18.1496666714,18.0625403759,nan,2
42.2,18.2375879483,18.273306122,18.3917417438,18.1108176501,nan,2
42.3,18.2282215774,18.2943466886,18.2095232495,18.7931083074,nan,2
42.4,18.2190323828,18.0773204466,18.4958667029,18.2085631251,nan,2
42.5,18.2100212835,18.1846688828,18.3543543059,18.3888193969,nan,2
42.6,18.2011891806,18.4545923088,18.2669195277,18.0811099027,nan,2
42.7,18.1925369573,18.0850077365,18.2944675955,18.3087169314,nan,2
42.8,18.1840654788,18.4636756669,18.2677515699,18.3960991318,nan,2
42.9,18.1757755922,18.4791297991,18.2087357011,17.8786638619,nan,2
43,18.1676681265,17.9318127092,17.8801075529,18.4859862027,nan,2
43.1,18.1597438925,17.9902621735,18.4061122056,18.2768902748,nan,2
43.2,18.1520036826,18.4950575079,18.3526224465,18.1315296303,nan,2
43.3,18.1444482707,18.1044421806,18.1614818147,18.1795004611,nan,2
43.4,18.1370784125,18.0309296783,18.130552753,18.4589424249,nan,2
43.5,18.1298948449,17.7894671827,18.1815924728,17.9485042837,nan,2
43.6,18.1228982862,18.1603057028,18.2908694413,18.1113762501,nan,2
43.7,18.1160894362,18.2706868202,17.7981215559,18.3374872587,nan,2
43.8,18.1094689756,17.9888431271,18.2339505896,18.1459585948,nan,2
43.9,18.1030375666,17.5859251308,17.9518247423,18.1471392402,nan,2
44,18.0967958522,18.4075910685,18.1542495094,18.1483350282,nan,2
44.1,18.0907444567,17.8082076388,18.376973796,18.4521598557,nan,2
44.2,18.0848839851,18.0905989937,18.0409325755,17.7610740419,nan,2
44.3,18.0792150235,18.2558792353,18.6196708887,18.2226376385,nan,2
44.4,18.0737381389,18.3264788425,18.1821555976,17.8767349615,nan,2
44.5,18.0684538788,18.335788405,17.8215388989,18.0263208976,nan,2
44.6,18.0633627717,18.1191331207,18.2399447038,18.1465599048,nan,2
44.7,18.0584653267,18.1358322269,17.906167713,17.8005910439,nan,2
44.8,18.0537620335,18.0660581672,17.9117230781,17.7922049079,nan,2
44.9,18.0492533626,17.7960640683,17.9512276678,17.6787375906,nan,2
45,18.0449397647,17.7754460241,17.7179123789,18.0813916574,17.7754460241,0
45.1,18.0408216711,18.122418517,18.4422498638,17.7413157113,18.122418517,0
45.2,18.0368994938,17.900980102,18.2194217717,17.9935447328,17.9935447328,0
45.3,18.0331736249,17.9677740372,18.3750075656,17.965492393,17.9677740372,0
45.4,18.029644437,17.7984054631,17.766256445,18.0967833015,17.7984054631,0
45.5,18.026312283,18.0873606037,17.7519718089,17.8292330314,17.8292330314,0
45.6,18.0231774961,18.1301200237,18.1386308506,17.8945330794,18.1301200237,0
45.7,18.0202403899,18.1446836302,18.1346113073,17.6636240401,18.1346113073,0
45.8,18.0175012579,17.9550885078,18.1005263761,17.9028861175,17.9550885078,0
45.9,18.0149603742,17.5871740004,17.9583574299,18.1653790061,17.9583574299,0
46,18.0126179927,18.3286991099,17.5744614605,18.5352822618,18.3286991099,0
46.1,18.0104743479,17.7850470816,18.201868522,18.257313962,18.201868522,0
46.2,18.0085296539,18.2051331139,18.0384533498,17.7762461213,18.0384533498,0
46.3,18.0067841053,18.1320958629,17.8637374699,17.5022451166,17.8637374699,0
46.4,18.0052378766,18.5710176033,18.146858281,18.3688533023,18.3688533023,0
46.5,18.0038911225,17.821566561,18.2973916872,18.3218649541,18.2973916872,0
46.6,18.0027439776,18.3136538825,17.9985027109,17.7622515688,17.9985027109,0
46.7,18.0017965566,17.9663339953,17.5612427339,17.6613940787,17.6613940787,0
46.8,18.0010489543,18.0194367106,17.8027692612,17.9681595833,17.9681595833,0
46.9,18.0005012455,17.9787012952,18.3866466552,18.2600265595,18.2600265595,0
47,18.0001534849,17.991178968,18.2419333917,17.8442108559,17.991178968,0
47.1,18.0000057072,17.9326263024,18.1820505692,17.7516735917,17.9326263024,0
47.2,18.0000579273,17.9442617817,17.7358887553,18.0235524089,17.9442617817,0
47.3,18.00031014,18.3268132911,17.8498907622,18.0454860392,18.0454860392,0
47.4,18.00076232,17.8212979396,17.7708525313,17.7535924159,17.7708525313,0
47.5,18.001414422,18.2923648383,18.4739015162,18.0980231631,18.2923648383,0
47.6,18.002266381,17.8590077872,18.1432447079,17.9354016758,17.9354016758,0
47.7,18.0033181117,18.1635977812,18.0615168393,18.0592589419,18.0615168393,0
47.8,18.0045695089,18.1260247208,17.8886707815,17.9236959443,17.9236959443,0
47.9,18.0060204475,17.6617713294,17.9176465592,17.7215539094,17.7215539094,0
48,18.0076707823,17.9787345425,17.8161445925,18.0279176664,17.9787345425,0
48.1,18.0095203485,18.1001682097,17.7254958342,17.8468645296,17.8468645296,0
48.2,18.0115689609,17.8229065805,18.1608676459,18.3528413664,18.1608676459,0
48.3,18.0138164148,18.1841237379,17.9439326292,18.3068176927,18.1841237379,0
48.4,18.0162624854,17.7134409381,18.3161340958,17.8850196441,17.8850196441,0
48.5,18.0189069281,17.462848285,18.5490678759,18.3345115429,18.3345115429,0
48.6,18.0217494784,17.815372733,18.0555512079,17.978849588,17.978849588,0
48.7,18.0247898522,18.0452340128,17.7281325647,17.8884910556,17.8884910556,0
48.8,18.0280277453,18.1216200018,18.0725669793,18.2678754473,18.1216200018,0
48.9,18.031462834,18.0474128855,18.5013071712,17.8883165225,18.0474128855,0
49,18.0350947748,18.0869612531,17.6518311956,17.784468149,17.784468149,0
49.1,18.0389232044,18.3046283966,17.8503626509,18.1450582392,18.1450582392,0
49.2,18.0429477401,18.0305935686,17.8340379486,17.9732978853,17.9732978853,0
49.3,18.0471679794,17.9443212525,17.9496948057,18.1978896216,17.9496948057,0
49.4,18.0515835003,18.1820524112,17.936098361,17.8701629395,17.936098361,0
49.5,18.0561938612,18.1126613281,18.0361907788,18.2618503537,18.1126613281,0
49.6,18.0609986011,18.5920573152,18.229583488,18.0540525469,18.229583488,0
49.7,18.0659972395,18.0315884453,17.8946584154,17.8846626826,17.8946584154,0
49.8,18.0711892766,17.8705061745,17.9921222423,17.9857605874,17.9857605874,0
49.9,18.0765741931,18.2253203345,17.9967743901,18.0370842499,18.0370842499,0
50,18.0821514507,nan,18.4110665765,18.1835487326,nan,2
50.1,18.0879204915,nan,18.2472976499,18.3858476818,nan,2
50.2,18.0938807386,nan,18.2373129002,18.6349820125,nan,2
50.3,18.1000315961,nan,18.3352853871,18.4396204398,nan,2
50.4,18.1063724488,nan,18.259414936,18.3622993424,nan,2
50.5,18.1129026627,nan,18.1963850084,17.9353016756,nan,2
50.6,18.1196215848,nan,17.9933090357,18.0903679303,nan,2
50.7,18.1265285432,nan,18.2191351766,17.8363468052,nan,2
50.8,18.1336228471,nan,18.3703286384,18.282335401,nan,2
50.9,18.1409037872,nan,18.1226424538,18.2531370713,nan,2
51,18.1483706353,nan,17.8041581477,18.3002264882,nan,2
51.1,18.1560226449,nan,17.7773646549,18.3599581692,nan,2
51.2,18.1638590507,nan,18.1409760067,18.4452621987,nan,2
51.3,18.171879069,nan,18.2052980675,18.4722699994,nan,2
51.4,18.1800818979,nan,18.0942292913,18.2036773424,nan,2
51.5,18.1884667171,nan,18.5063004631,18.0020971623,nan,2
51.6,18.1970326881,nan,17.9396959282,18.3345471686,nan,2
51.7,18.2057789543,nan,17.67474656,18.2045503236,nan,2
51.8,18.2147046411,nan,18.1233483386,18.5310150009,nan,2
51.9,18.223808856,nan,18.0058187709,18.5199854274,nan,2
52,18.2330906886,nan,18.5500368721,18.2996121634,nan,2
52.1,18.2425492105,nan,18.2289157362,18.4953748966,nan,2
52.2,18.2521834761,nan,18.2523657826,18.2622122103,nan,2
52.3,18.2619925219,nan,18.1430590877,18.6591684718,nan,2
52.4,18.271975367,nan,18.0393935433,18.1738918573,nan,2
52.5,18.2821310131,nan,18.4140428995,18.2539312062,nan,2
52.6,18.2924584447,nan,18.2973748689,17.9483209347,nan,2
52.7,18.302956629,nan,18.4672365479,18.2044028701,nan,2
52.8,18.3136245163,nan,18.5641430229,18.4472070148,nan,2
52.9,18.3244610397,nan,18.7620574126,18.461760799,nan,2
53,18.3354651156,nan,18.4860044608,18.4193344143,nan,2
53.1,18.3466356435,nan,18.3616386844,18.3127108035,nan,2
53.2,18.3579715066,nan,18.3225212151,18.2997604373,nan,2
53.3,18.3694715711,nan,18.0312522115,18.2965415674,nan,2
53.4,18.3811346871,nan,18.4020937952,18.147662767,nan,2
53.5,18.3929596883,nan,18.1430254166,18.3469514453,nan,2
53.6,18.4049453922,nan,18.2625939318,18.2999450566,nan,2
53.7,18.4170906002,nan,18.3381479012,18.3560393232,nan,2
53.8,18.4293940978,nan,18.6450779191,17.9764689156,nan,2
53.9,18.4418546547,nan,18.2348719666,18.2189719585,nan,2
54,18.4544710249,nan,18.2821613631,18.5163142351,nan,2
54.1,18.4672419466,nan,18.4923588022,18.5495260616,nan,2
54.2,18.4801661429,nan,18.506941378,18.815669966,nan,2
54.3,18.4932423213,nan,18.3626464366,18.4799381991,nan,2
54.4,18.5064691743,nan,18.5618964177,18.6829590022,nan,2
54.5,18.519845379,nan,18.477056612,18.7473046072,nan,2
54.6,18.533369598,nan,18.5717900986,18.324143438,nan,2
54.7,18.5470404788,nan,18.4423478409,18.9823044835,nan,2
54.8,18.5608566544,nan,18.4548649171,18.4482179487,nan,2
54.9,18.574816743,nan,18.7060027667,18.6127148304,nan,2
55,18.5889193489,19.0004822838,18.6316782382,18.8784001787,nan,2
55.1,18.6031630616,18.6585052848,18.7242793613,18.3144430736,nan,2
55.2,18.6175464568,18.5921345672,18.6037569087,18.5689550554,nan,2
55.3,18.6320680962,18.2014923708,18.8081929886,18.5546380303,nan,2
55.4,18.6467265277,18.5591122633,18.5956922355,18.60111069,nan,2
55.5,18.6615202854,18.7429399696,18.4073138351,18.4753118741,nan,2
55.6,18.67644789,18.7345745492,18.7055644523,18.6011169282,nan,2
55.7,18.6915078487,18.5767253676,18.5246229081,18.6798368159,nan,2
55.8,18.7066986555,18.9428451501,18.4950885052,19.0113622648,nan,2
55.9,18.7220187913,18.8908150844,18.6314260439,18.8786337664,nan,2
56,18.7374667243,18.4442860409,18.3911517352,18.479510273,nan,2
56.1,18.7530409094,18.6710916164,18.6879589157,18.650012426,nan,2
56.2,18.7687397895,18.7886243276,18.341709008,18.8678096708,nan,2
56.3,18.7845617946,18.5007016788,18.6523916735,18.7019917013,nan,2
56.4,18.8005053424,18.5692632151,18.5263054087,18.5992890094,nan,2
56.5,18.8165688387,18.8141841103,18.9345652745,18.9294158743,nan,2
56.6,18.8327506772,18.6338524695,18.6744352476,18.6486300443,nan,2
56.7,18.8490492396,18.939011702,18.4415652035,19.0967170917,nan,2
56.8,18.8654628961,18.7685019211,18.7087579234,18.9333536553,nan,2
56.9,18.8819900054,19.0885138165,18.9505066568,19.0925388969,nan,2
57,18.8986289148,18.9255006781,19.1445566359,19.1476609225,nan,2
57.1,18.9153779604,18.8954822025,19.2032191379,18.9483247006,nan,2
57.2,18.9322354672,18.9496141113,18.7479407331,18.8744794661,nan,2
57.3,18.9491997496,19.1047162988,18.6866703677,19.0791245515,nan,2
57.4,18.9662691112,19.0359923015,19.0217813945,18.5249706721,nan,2
57.5,18.983441845,18.9627932611,19.1130938465,18.8308508536,nan,2
57.6,19.0007162338,19.0187775736,18.52510158,19.134994841,nan,2
57.7,19.0180905501,18.8856039881,19.1923619396,18.6495332949,nan,2
57.8,19.0355630565,19.1740165342,18.988175199,19.197083816,nan,2
57.9,19.0531320058,18.8679900484,18.9294406009,19.5016222748,nan,2
58,19.0707956412,18.9048052111,18.9295901997,19.0154792337,nan,2
58.1,19.0885521962,18.884040451,19.3266435534,19.433554859,nan,2
58.2,19.1063998952,18.9655786819,18.7611934594,19.3407953558,nan,2
58.3,19.1243369535,19.3460150558,19.2886687919,19.3556392404,nan,2
58.4,19.1423615773,18.9688565242,19.1086622956,18.8655396565,nan,2
58.5,19.1604719643,18.8768393984,19.3566922258,19.0260893118,nan,2
58.6,19.1786663034,19.6345806222,19.1935023254,19.0505813404,nan,2
58.7,19.1969427752,19.3565198159,19.5571952467,19.2941689671,nan,2
58.8,19.215299552,18.9718705179,19.2895001124,19.4904191642,nan,2
58.9,19.2337347982,19.1350866084,19.0790064068,19.4370243805,nan,2
59,19.2522466703,19.2802402184,19.0317382498,19.17629735,nan,2
59.1,19.2708333172,19.119700819,19.3300870501,19.2927702199,nan,2
59.2,19.28949288,19.5195822886,19.4314258884,18.9767860812,nan,2
59.3,19.308223493,19.3896215993,19.487609957,19.3993993464,nan,2
59.4,19.3270232831,19.5330352149,19.2171078845,19.1368569176,nan,2
59.5,19.3458903703,19.5319043753,19.132797436,18.9139828637,nan,2
59.6,19.3648228679,19.5698828568,19.2199858827,19.3036096277,nan,2
59.7,19.3838188826,19.104223013,19.1187133652,19.1525011142,nan,2
59.8,19.402876515,19.3307465447,19.4768763302,18.9433142719,nan,2
59.9,19.4219938592,19.5724284942,19.1855942267,19.2087315077,nan,2
