time_s,visible_satellites
0,0
60,1
120,1
180,1
240,1
300,1
360,0
420,0
480,0
540,1
600,2
660,1
720,1
780,1
840,0
900,0
960,0
1020,1
1080,2
1140,2
1200,1
1260,1
1320,0
1380,0
1440,0
1500,1
1560,2
1620,2
1680,2
1740,1
1800,0
1860,0
1920,0
1980,1
2040,1
2100,2
2160,2
2220,2
2280,0
2340,0
2400,0
2460,1
2520,1
2580,2
2640,2
2700,2
2760,0
2820,0
2880,0
2940,0
3000,1
3060,1
3120,1
3180,1
3240,0
3300,0
3360,0
3420,0
3480,1
3540,1
3600,1
3660,1
3720,1
3780,0
3840,0
3900,0
3960,1
4020,1
4080,1
4140,1
4200,1
4260,0
4320,0
4380,0
4440,0
4500,1
4560,1
4620,1
4680,1
4740,0
4800,0
4860,0
4920,0
4980,0
5040,1
5100,1
5160,1
5220,0
5280,0
5340,0
5400,0
5460,0
5520,0
5580,1
5640,0
5700,0
5760,0
5820,0
5880,0
5940,0
6000,0
6060,0
6120,0
6180,0
6240,0
6300,0
6360,0
6420,0
6480,0
6540,0
6600,0
6660,0
6720,0
6780,0
6840,0
6900,0
6960,0
7020,0
7080,0
7140,0
7200,0
7260,0
7320,0
7380,0
7440,0
7500,0
7560,0
7620,0
7680,0
7740,0
7800,0
7860,0
7920,0
7980,0
8040,0
8100,0
8160,0
8220,0
8280,0
8340,0
8400,0
8460,0
8520,0
8580,0
8640,0
8700,0
8760,0
8820,0
8880,0
8940,0
9000,0
9060,0
9120,0
9180,0
9240,0
9300,0
9360,0
9420,0
9480,0
9540,0
9600,0
9660,0
9720,0
9780,0
9840,0
9900,0
9960,0
10020,0
10080,0
10140,0
10200,0
10260,0
10320,0
10380,0
10440,0
10500,0
10560,0
10620,0
10680,0
10740,0
10800,0
10860,0
10920,0
10980,0
11040,0
11100,0
11160,0
11220,0
11280,0
11340,0
11400,0
11460,0
11520,0
11580,0
11640,0
11700,0
11760,0
11820,0
11880,0
11940,0
12000,0
12060,0
12120,0
12180,0
12240,0
12300,0
12360,0
12420,1
12480,0
12540,0
12600,0
12660,0
12720,0
12780,0
12840,1
12900,1
12960,1
13020,0
13080,0
13140,0
13200,0
13260,0
13320,1
13380,1
13440,1
13500,1
13560,0
13620,0
13680,0
13740,0
13800,1
13860,1
13920,1
13980,1
14040,1
14100,0
14160,0
14220,0
14280,1
14340,1
14400,1
14460,1
14520,1
14580,0
14640,0
14700,0
14760,0
14820,1
14880,1
14940,1
15000,1
15060,0
15120,0
15180,0
15240,0
15300,2
15360,2
15420,2
15480,1
15540,0
15600,0
15660,0
15720,0
15780,2
15840,2
15900,2
15960,1
16020,0
16080,0
16140,0
16200,0
16260,1
16320,2
16380,2
16440,2
16500,0
16560,0
16620,0
16680,0
16740,1
16800,1
16860,2
16920,2
16980,0
17040,0
17100,0
17160,0
17220,1
17280,1
17340,1
17400,1
17460,1
17520,0
17580,0
17640,0
17700,1
17760,1
17820,1
17880,1
17940,1
18000,0
18060,0
18120,0
18180,0
18240,1
18300,1
18360,1
18420,1
18480,0
18540,0
18600,0
18660,0
18720,1
18780,1
18840,1
18900,1
18960,0
19020,0
19080,0
19140,0
19200,0
19260,1
19320,1
19380,1
19440,0
19500,0
19560,0
19620,0
19680,0
19740,0
19800,1
19860,1
19920,0
19980,0
20040,0
20100,0
20160,0
20220,0
20280,0
20340,0
20400,0
20460,0
20520,0
20580,0
20640,0
20700,0
20760,0
20820,0
20880,0
20940,0
21000,0
21060,0
21120,0
21180,0
21240,0
21300,0
21360,0
21420,0
21480,0
21540,0
21600,0
21660,0
21720,0
21780,0
21840,0
21900,0
21960,0
22020,0
22080,0
22140,0
22200,0
22260,0
22320,0
22380,0
22440,0
22500,0
22560,0
22620,0
22680,0
22740,0
22800,0
22860,0
22920,0
22980,0
23040,0
23100,0
23160,0
23220,0
23280,0
23340,0
23400,0
23460,0
23520,0
23580,0
23640,0
23700,0
23760,0
23820,0
23880,0
23940,0
24000,0
24060,0
24120,0
24180,0
24240,0
24300,0
24360,0
24420,0
24480,0
24540,0
24600,0
24660,0
24720,0
24780,0
24840,0
24900,0
24960,0
25020,0
25080,0
25140,0
25200,0
25260,0
25320,0
25380,0
25440,0
25500,0
25560,0
25620,0
25680,0
25740,0
25800,0
25860,0
25920,0
25980,0
26040,0
26100,0
26160,0
26220,0
26280,0
26340,0
26400,0
26460,0
26520,0
26580,0
26640,1
26700,1
26760,0
26820,0
26880,0
26940,0
27000,0
27060,0
27120,1
27180,1
27240,1
27300,0
27360,0
27420,0
27480,0
27540,1
27600,1
27660,1
27720,1
27780,0
27840,0
27900,0
27960,0
28020,0
28080,1
28140,1
28200,1
28260,1
28320,0
28380,0
28440,0
28500,0
28560,1
28620,1
28680,1
28740,1
28800,0
28860,0
28920,0
28980,0
29040,1
29100,1
29160,1
29220,1
29280,1
29340,0
29400,0
29460,0
29520,2
29580,2
29640,2
29700,1
29760,1
29820,0
29880,0
29940,0
30000,1
30060,2
30120,2
30180,2
30240,1
30300,0
30360,0
30420,0
30480,1
30540,2
30600,2
30660,2
30720,1
30780,0
30840,0
30900,0
30960,1
31020,1
31080,2
31140,2
31200,2
31260,0
31320,0
31380,0
31440,1
31500,1
31560,1
31620,2
31680,1
31740,0
31800,0
31860,0
31920,0
31980,1
32040,1
32100,1
32160,1
32220,0
32280,0
32340,0
32400,0
32460,1
32520,1
32580,1
32640,1
32700,0
32760,0
32820,0
32880,0
32940,0
33000,1
33060,1
33120,1
33180,1
33240,0
33300,0
33360,0
33420,0
33480,1
33540,1
33600,1
33660,0
33720,0
33780,0
33840,0
33900,0
33960,0
34020,1
34080,1
34140,0
34200,0
34260,0
34320,0
34380,0
34440,0
34500,0
34560,0
34620,0
34680,0
34740,0
34800,0
34860,0
34920,0
34980,0
35040,0
35100,0
35160,0
35220,0
35280,0
35340,0
35400,0
35460,0
35520,0
35580,0
35640,0
35700,0
35760,0
35820,0
35880,0
35940,0
36000,0
36060,0
36120,0
36180,0
36240,0
36300,0
36360,0
36420,0
36480,0
36540,0
36600,0
36660,0
36720,0
36780,0
36840,0
36900,0
36960,0
37020,0
37080,0
37140,0
37200,0
37260,0
37320,0
37380,0
37440,0
37500,0
37560,0
37620,0
37680,0
37740,0
37800,0
37860,0
37920,0
37980,0
38040,0
38100,0
38160,0
38220,0
38280,0
38340,0
38400,0
38460,0
38520,0
38580,0
38640,0
38700,0
38760,0
38820,0
38880,0
38940,0
39000,0
39060,0
39120,0
39180,0
39240,0
39300,0
39360,0
39420,0
39480,0
39540,0
39600,0
39660,0
39720,0
39780,0
39840,0
39900,0
39960,0
40020,0
40080,0
40140,0
40200,0
40260,0
40320,0
40380,0
40440,0
40500,0
40560,0
40620,0
40680,0
40740,0
40800,0
40860,0
40920,0
40980,0
41040,0
41100,0
41160,0
41220,0
41280,0
41340,1
41400,1
41460,1
41520,0
41580,0
41640,0
41700,0
41760,0
41820,1
41880,1
41940,1
42000,1
42060,0
42120,0
42180,0
42240,0
42300,1
42360,1
42420,1
42480,1
42540,0
42600,0
42660,0
42720,0
42780,1
42840,1
42900,1
42960,1
43020,1
43080,0
43140,0
43200,0
43260,1
43320,1
43380,1
43440,1
43500,1
43560,0
43620,0
43680,0
43740,0
43800,2
43860,2
43920,1
43980,1
44040,0
44100,0
44160,0
44220,0
44280,2
44340,2
44400,2
44460,1
44520,0
44580,0
44640,0
44700,0
44760,2
44820,2
44880,2
44940,2
45000,0
45060,0
45120,0
45180,0
45240,1
45300,2
45360,2
45420,2
45480,0
45540,0
45600,0
45660,0
45720,1
45780,1
45840,2
45900,2
45960,0
46020,0
46080,0
46140,0
46200,1
46260,1
46320,1
46380,1
46440,1
46500,0
46560,0
46620,0
46680,1
46740,1
46800,1
46860,1
46920,1
46980,0
47040,0
47100,0
47160,0
47220,1
47280,1
47340,1
47400,1
47460,0
47520,0
47580,0
47640,0
47700,1
47760,1
47820,1
47880,1
47940,0
48000,0
48060,0
48120,0
48180,0
48240,1
48300,1
48360,1
48420,0
48480,0
48540,0
48600,0
48660,0
48720,0
48780,0
48840,0
48900,0
48960,0
49020,0
49080,0
49140,0
49200,0
49260,0
49320,0
49380,0
49440,0
49500,0
49560,0
49620,0
49680,0
49740,0
49800,0
49860,0
49920,0
49980,0
50040,0
50100,0
50160,0
50220,0
50280,0
50340,0
50400,0
50460,0
50520,0
50580,0
50640,0
50700,0
50760,0
50820,0
50880,0
50940,0
51000,0
51060,0
51120,0
51180,0
51240,0
51300,0
51360,0
51420,0
51480,0
51540,0
51600,0
51660,0
51720,0
51780,0
51840,0
51900,0
51960,0
52020,0
52080,0
52140,0
52200,0
52260,0
52320,0
52380,0
52440,0
52500,0
52560,0
52620,0
52680,0
52740,0
52800,0
52860,0
52920,0
52980,0
53040,0
53100,0
53160,0
53220,0
53280,0
53340,0
53400,0
53460,0
53520,0
53580,0
53640,0
53700,0
53760,0
53820,0
53880,0
53940,0
54000,0
54060,0
54120,0
54180,0
54240,0
54300,0
54360,0
54420,0
54480,0
54540,0
54600,0
54660,0
54720,0
54780,0
54840,0
54900,0
54960,0
55020,0
55080,0
55140,0
55200,0
55260,0
55320,0
55380,0
55440,0
55500,0
55560,0
55620,1
55680,1
55740,0
55800,0
55860,0
55920,0
55980,0
56040,1
56100,1
56160,1
56220,1
56280,0
56340,0
56400,0
56460,0
56520,1
56580,1
56640,1
56700,1
56760,0
56820,0
56880,0
56940,0
57000,1
57060,1
57120,1
57180,1
57240,1
57300,0
57360,0
57420,0
57480,0
57540,1
57600,1
57660,1
57720,1
57780,0
57840,0
57900,0
57960,0
58020,1
58080,2
58140,1
58200,1
58260,1
58320,0
58380,0
58440,0
58500,2
58560,2
58620,2
58680,1
58740,1
58800,0
58860,0
58920,0
58980,1
59040,2
59100,2
59160,2
59220,1
59280,0
59340,0
59400,0
59460,1
59520,2
59580,2
59640,2
59700,1
59760,0
59820,0
59880,0
59940,1
60000,1
60060,2
60120,2
60180,1
60240,0
60300,0
60360,0
60420,1
60480,1
60540,1
60600,1
60660,1
60720,0
60780,0
60840,0
60900,0
60960,1
61020,1
61080,1
61140,1
61200,0
61260,0
61320,0
61380,0
61440,1
61500,1
61560,1
61620,1
61680,0
61740,0
61800,0
61860,0
61920,0
61980,1
62040,1
62100,1
62160,0
62220,0
62280,0
62340,0
62400,0
62460,1
62520,1
62580,1
62640,0
62700,0
62760,0
62820,0
62880,0
62940,0
63000,0
63060,1
63120,0
63180,0
63240,0
63300,0
63360,0
63420,0
63480,0
63540,0
63600,0
63660,0
63720,0
63780,0
63840,0
63900,0
63960,0
64020,0
64080,0
64140,0
64200,0
64260,0
64320,0
64380,0
64440,0
64500,0
64560,0
64620,0
64680,0
64740,0
64800,0
64860,0
64920,0
64980,0
65040,0
65100,0
65160,0
65220,0
65280,0
65340,0
65400,0
65460,0
65520,0
65580,0
65640,0
65700,0
65760,0
65820,0
65880,0
65940,0
66000,0
66060,0
66120,0
66180,0
66240,0
66300,0
66360,0
66420,0
66480,0
66540,0
66600,0
66660,0
66720,0
66780,0
66840,0
66900,0
66960,0
67020,0
67080,0
67140,0
67200,0
67260,0
67320,0
67380,0
67440,0
67500,0
67560,0
67620,0
67680,0
67740,0
67800,0
67860,0
67920,0
67980,0
68040,0
68100,0
68160,0
68220,0
68280,0
68340,0
68400,0
68460,0
68520,0
68580,0
68640,0
68700,0
68760,0
68820,0
68880,0
68940,0
69000,0
69060,0
69120,0
69180,0
69240,0
69300,0
69360,0
69420,0
69480,0
69540,0
69600,0
69660,0
69720,0
69780,0
69840,1
69900,1
69960,0
70020,0
70080,0
70140,0
70200,0
70260,0
70320,1
70380,1
70440,1
70500,0
70560,0
70620,0
70680,0
70740,0
70800,1
70860,1
70920,1
70980,1
71040,0
71100,0
71160,0
71220,0
71280,1
71340,1
71400,1
71460,1
71520,0
71580,0
71640,0
71700,0
71760,1
71820,1
71880,1
71940,1
72000,1
72060,0
72120,0
72180,0
72240,1
72300,1
72360,1
72420,1
72480,1
72540,0
72600,0
72660,0
72720,0
72780,2
72840,2
72900,1
72960,1
73020,0
73080,0
73140,0
73200,1
73260,2
73320,2
73380,2
73440,1
73500,0
73560,0
73620,0
73680,1
73740,1
73800,2
73860,2
73920,2
73980,0
74040,0
74100,0
74160,0
74220,1
74280,2
74340,2
74400,2
74460,0
74520,0
74580,0
74640,0
74700,1
74760,1
74820,1
74880,1
74940,0
75000,0
75060,0
75120,0
75180,1
75240,1
75300,1
75360,1
75420,1
75480,0
75540,0
75600,0
75660,1
75720,1
75780,1
75840,1
75900,1
75960,0
76020,0
76080,0
76140,0
76200,1
76260,1
76320,1
76380,1
76440,0
76500,0
76560,0
76620,0
76680,0
76740,1
76800,1
76860,1
76920,0
76980,0
77040,0
77100,0
77160,0
77220,0
77280,1
77340,0
77400,0
77460,0
77520,0
77580,0
77640,0
77700,0
77760,0
77820,0
77880,0
77940,0
78000,0
78060,0
78120,0
78180,0
78240,0
78300,0
78360,0
78420,0
78480,0
78540,0
78600,0
78660,0
78720,0
78780,0
78840,0
78900,0
78960,0
79020,0
79080,0
79140,0
79200,0
79260,0
79320,0
79380,0
79440,0
79500,0
79560,0
79620,0
79680,0
79740,0
79800,0
79860,0
79920,0
79980,0
80040,0
80100,0
80160,0
80220,0
80280,0
80340,0
80400,0
80460,0
80520,0
80580,0
80640,0
80700,0
80760,0
80820,0
80880,0
80940,0
81000,0
81060,0
81120,0
81180,0
81240,0
81300,0
81360,0
81420,0
81480,0
81540,0
81600,0
81660,0
81720,0
81780,0
81840,0
81900,0
81960,0
82020,0
82080,0
82140,0
82200,0
82260,0
82320,0
82380,0
82440,0
82500,0
82560,0
82620,0
82680,0
82740,0
82800,0
82860,0
82920,0
82980,0
83040,0
83100,0
83160,0
83220,0
83280,0
83340,0
83400,0
83460,0
83520,0
83580,0
83640,0
83700,0
83760,0
83820,0
83880,0
83940,0
84000,0
84060,0
84120,1
84180,0
84240,0
84300,0
84360,0
84420,0
84480,0
84540,1
84600,1
84660,1
84720,0
84780,0
84840,0
84900,0
84960,0
85020,1
85080,1
85140,1
85200,1
85260,0
85320,0
85380,0
85440,0
85500,1
85560,1
85620,1
85680,1
85740,1
85800,0
85860,0
85920,0
85980,1
86040,1
86100,1
86160,1
