time_s,height_m,velocity_mps,thrust_accel_mps2
0,100,-10,4.74665
0.02,99.798988,-10.1012,4.84161144
0.04,99.5959709923,-10.2005007712,4.93548402077
0.06,99.3909867437,-10.2979240908,5.02827845431
0.08,99.1840725875,-10.3934915217,5.12000535468
0.1,98.9752654282,-10.4872244146,5.21067523884
0.12,98.7646017449,-10.5791439098,5.30029852749
0.14,98.5521175964,-10.6692709393,5.38888554592
0.16,98.3378486248,-10.7576262284,5.47644652488
0.18,98.1218300595,-10.8442302979,5.56299160136
0.2,97.9040967219,-10.9291034658,5.64853081946
0.22,97.6846830287,-11.0122658494,5.73307413117
0.24,97.4636229966,-11.0937373668,5.81663139719
0.26,97.2409502455,-11.1735377389,5.89921238776
0.28,97.0166980032,-11.2516864911,5.9808267834
0.3,96.7908991087,-11.3282029555,6.06148417577
0.32,96.5635860165,-11.4031062719,6.14119406838
0.34,96.3347907998,-11.4764153906,6.21996587742
0.36,96.1045451552,-11.548149073,6.29780893249
0.38,95.8728804055,-11.6183258944,6.3747324774
0.4,95.6398275041,-11.6869642448,6.45074567088
0.42,95.4054170384,-11.7540823314,6.52585758738
0.44,95.1696792333,-11.8196981797,6.60007721777
0.46,94.9326439551,-11.8838296353,6.6734134701
0.48,94.6943407151,-11.9464943659,6.74587517032
0.5,94.4547986728,-12.0077098625,6.81747106301
0.52,94.2140466398,-12.0674934412,6.88820981209
0.54,93.9721130829,-12.125862245,6.95810000155
0.56,93.729026128,-12.182833245,7.02715013611
0.58,93.4848135631,-12.2384232422,7.09536864199
0.6,93.239502842,-12.2926488694,7.16276386754
0.62,92.9931210874,-12.3455265921,7.22934408395
0.64,92.7456950944,-12.3970727104,7.29511748593
0.66,92.4972513337,-12.4473033607,7.36009219242
0.68,92.2478159549,-12.4962345168,7.42427624718
0.7,91.9974147898,-12.5438819919,7.48767761953
0.72,91.7460733555,-12.5902614395,7.55030420497
0.74,91.4938168576,-12.6353883554,7.61216382585
0.76,91.2406701932,-12.6792780789,7.67326423201
0.78,90.9866579545,-12.7219457942,7.73361310141
0.8,90.7318044312,-12.7634065322,7.79321804078
0.82,90.4761336142,-12.8036751714,7.85208658626
0.84,90.2196691981,-12.8427664396,7.91022620398
0.86,89.9624345845,-12.8806949156,7.96764429075
0.88,89.7044528851,-12.9174750298,8.02434817462
0.9,89.4457469241,-12.9531210663,8.08034511549
0.92,89.1863392418,-12.9876471639,8.13564230575
0.94,88.926252097,-13.0210673178,8.19024687085
0.96,88.66550747,-13.0533953804,8.24416586989
0.98,88.4041270656,-13.084645063,8.29740629625
1,88.1421323156,-13.1148299371,8.3499750781
1.02,87.8795443818,-13.1439634355,8.40187907905
1.04,87.6163841589,-13.172058854,8.45312509869
1.06,87.3526722769,-13.199129352,8.50371987316
1.08,87.0884291038,-13.2251879545,8.5536700757
1.1,86.8236747487,-13.250247553,8.60298231725
1.12,86.5584290641,-13.2743209067,8.65166314696
1.14,86.2927116486,-13.2974206437,8.69971905276
1.16,86.0265418496,-13.3195592627,8.74715646191
1.18,85.7599387656,-13.3407491334,8.79398174152
1.2,85.4929212493,-13.3610024986,8.8402011991
1.22,85.2255079096,-13.3803314746,8.88582108308
1.24,84.9577171143,-13.3987480529,8.93084758335
1.26,84.6895669928,-13.4162641013,8.97528683177
1.28,84.4210754381,-13.4328913646,9.01914490268
1.3,84.1522601098,-13.4486414666,9.06242781344
1.32,83.883138436,-13.4635259103,9.10514152491
1.34,83.6137276161,-13.4775560798,9.14729194194
1.36,83.3440446229,-13.490743241,9.18888491394
1.38,83.0741062051,-13.5030985427,9.22992623529
1.4,82.8039288895,-13.514633018,9.27042164587
1.42,82.5335289834,-13.5253575851,9.31037683155
1.44,82.2629225771,-13.5352830485,9.34979742467
1.46,81.9921255456,-13.5444201,9.3886890045
1.48,81.7211535514,-13.5527793199,9.42705709774
1.5,81.4500220464,-13.5603711779,9.46490717897
1.52,81.1787462743,-13.5672060343,9.50224467112
1.54,80.9073412726,-13.5732941409,9.53907494593
1.56,80.6358218747,-13.578645642,9.57540332443
1.58,80.3642027126,-13.5832705755,9.61123507735
1.6,80.0924982181,-13.587178874,9.6465754256
1.62,79.8207226257,-13.5903803654,9.68142954073
1.64,79.5488899743,-13.5928847746,9.71580254533
1.66,79.2770141093,-13.5947017237,9.74969951349
1.68,79.0051086847,-13.5958407335,9.78312547125
1.7,78.7331871651,-13.596311224,9.81608539701
1.72,78.4612628277,-13.5961225161,9.84858422194
1.74,78.1893487643,-13.5952838317,9.88062683045
1.76,77.917457883,-13.593804295,9.91221806057
1.78,77.6456029107,-13.5916929338,9.9433627044
1.8,77.3737963946,-13.5889586797,9.97406550847
1.82,77.1020507041,-13.5856103696,10.0043311742
1.84,76.8303780329,-13.5816567461,10.0341643583
1.86,76.5587904009,-13.5771064589,10.0635696731
1.88,76.2872996556,-13.5719680655,10.0925516871
1.9,76.0159174746,-13.5662500317,10.1211149252
1.92,75.744655367,-13.5599607332,10.1492638692
1.94,75.4735246751,-13.5531084558,10.1770029581
1.96,75.2025365766,-13.5457013967,10.2043365885
1.98,74.931702086,-13.5377476649,10.2312691151
2,74.6610320565,-13.5292552826,10.257804851
2.02,74.3905371818,-13.5202321856,10.2839480681
2.04,74.1202279977,-13.5106862242,10.3097029972
2.06,73.8501148838,-13.5006251643,10.3350738289
2.08,73.5802080653,-13.4900566877,10.3600647135
2.1,73.3105176145,-13.4789883934,10.3846797617
2.12,73.0410534526,-13.4674277982,10.4089230444
2.14,72.7718253512,-13.4553823373,10.432798594
2.16,72.5028429342,-13.4428593654,10.4563104037
2.18,72.234115679,-13.4298661573,10.4794624287
2.2,71.9656529183,-13.4164099088,10.5022585859
2.22,71.6974638418,-13.4024977371,10.5247027549
2.24,71.4295574977,-13.388136682,10.5467987776
2.26,71.1619427938,-13.3733337064,10.5685504592
2.28,70.8946284997,-13.3580956972,10.5899615681
2.3,70.6276232481,-13.3424294659,10.6110358363
2.32,70.360935536,-13.3263417491,10.6317769601
2.34,70.0945737264,-13.3098392099,10.6521885998
2.36,69.8285460499,-13.2929284379,10.6722743806
2.38,69.562860606,-13.2756159503,10.6920378925
2.4,69.2975253646,-13.2579081925,10.711482691
2.42,69.0325481673,-13.2398115387,10.730612297
2.44,68.767936729,-13.2213322927,10.7494301974
2.46,68.5036986391,-13.2024766888,10.7679398454
2.48,68.2398413633,-13.1832508919,10.7861446607
2.5,67.9763722444,-13.1636609986,10.8040480297
2.52,67.7132985041,-13.143713038,10.8216533061
2.54,67.450627244,-13.1234129719,10.8389638111
2.56,67.1883654473,-13.1027666957,10.8559828333
2.58,66.9265199799,-13.081780039,10.8727136297
2.6,66.6650975919,-13.0604587664,10.8891594255
2.62,66.4041049184,-13.0388085779,10.9053234143
2.64,66.1435484816,-13.0168351096,10.921208759
2.66,65.8834346911,-12.9945439345,10.9368185912
2.68,65.6237698462,-12.9719405626,10.9521560123
2.7,65.3645601361,-12.9490304424,10.9672240933
2.72,65.1058116421,-12.9258189605,10.9820258753
2.74,64.847530338,-12.902311443,10.9965643696
2.76,64.5897220921,-12.8785131556,11.0108425579
2.78,64.3323926674,-12.8544293045,11.024863393
2.8,64.075547724,-12.8300650366,11.0386297987
2.82,63.8191928193,-12.8054254406,11.0521446701
2.84,63.5633334094,-12.7805155472,11.0654108739
2.86,63.3079748506,-12.7553403298,11.0784312488
2.88,63.0531224003,-12.7299047048,11.0912086053
2.9,62.7987812179,-12.7042135327,11.1037457267
2.92,62.5449563664,-12.6782716181,11.1160453687
2.94,62.2916528131,-12.6520837108,11.12811026
2.96,62.0388754309,-12.6256545056,11.1399431022
2.98,61.7866289994,-12.5989886435,11.1515465705
3,61.5349182059,-12.5720907121,11.1629233138
3.02,61.2837476463,-12.5449652458,11.1740759545
3.04,61.0331218266,-12.5176167267,11.1850070895
3.06,60.7830451635,-12.490049585,11.1957192899
3.08,60.5335219856,-12.4622681992,11.2062151011
3.1,60.2845565347,-12.4342768971,11.2164970438
3.12,60.0361529661,-12.4060799563,11.2265676134
3.14,59.7883153505,-12.377681604,11.2364292807
3.16,59.5410476743,-12.3490860184,11.2460844919
3.18,59.2943538408,-12.3202973285,11.2555356691
3.2,59.0482376714,-12.2913196152,11.26478521
3.22,58.8027029061,-12.262156911,11.2738354889
3.24,58.557753205,-12.2328132012,11.2826888562
3.26,58.3133921488,-12.2032924241,11.291347639
3.28,58.0696232398,-12.1735984713,11.2998141411
3.3,57.8264499032,-12.1437351884,11.3080906435
3.32,57.5838754876,-12.1137063756,11.3161794044
3.34,57.3419032659,-12.0835157875,11.3240826593
3.36,57.1005364367,-12.0531671343,11.3318026216
3.38,56.8597781246,-12.0226640819,11.3393414824
3.4,56.6196313812,-11.9920102522,11.3467014108
3.42,56.3800991865,-11.961209224,11.3538845544
3.44,56.1411844489,-11.9302645329,11.3608930392
3.46,55.9028900068,-11.8991796721,11.3677289697
3.48,55.6652186292,-11.8679580927,11.3743944294
3.5,55.4281730162,-11.8366032042,11.380891481
3.52,55.1917558004,-11.8051183745,11.3872221661
3.54,54.9559695474,-11.7735069312,11.3933885062
3.56,54.7208167565,-11.7417721611,11.399392502
3.58,54.4862998617,-11.709917311,11.4052361343
3.6,54.2524212327,-11.6779455884,11.4109213639
3.62,54.0191831752,-11.6458601611,11.4164501317
3.64,53.786587932,-11.6136641584,11.4218243591
3.66,53.5546376838,-11.5813606713,11.4270459478
3.68,53.3233345495,-11.5489527523,11.4321167807
3.7,53.0926805878,-11.5164434167,11.4370387211
3.72,52.8626777972,-11.4838356423,11.4418136139
3.74,52.6333281171,-11.45113237,11.4464432849
3.76,52.4046334284,-11.4183365043,11.4509295416
3.78,52.1765955542,-11.3854509135,11.4552741729
3.8,51.9492162608,-11.35247843,11.4594789497
3.82,51.7224972579,-11.319421851,11.4635456248
3.84,51.4964402001,-11.2862839385,11.467475933
3.86,51.2710466865,-11.2530674199,11.4712715915
3.88,51.0463182624,-11.219774988,11.4749343001
3.9,50.8222564195,-11.186409302,11.4784657411
3.92,50.5988625966,-11.1529729872,11.4818675795
3.94,50.3761381804,-11.1194686356,11.4851414633
3.96,50.1540845059,-11.0858988063,11.4882890237
3.98,49.9327028576,-11.0522660259,11.4913118752
4,49.7119944695,-11.0185727884,11.4942116155
4.02,49.491960526,-10.9848215561,11.4969898261
4.04,49.2726021629,-10.9510147595,11.4996480721
4.06,49.0539204673,-10.9171547981,11.5021879026
4.08,48.8359164789,-10.88324404,11.5046108506
4.1,48.6185911903,-10.849284823,11.5069184333
4.12,48.4019455475,-10.8152794544,11.5091121524
4.14,48.1859804509,-10.7812302113,11.5111934938
4.16,47.9706967553,-10.7471393414,11.5131639284
4.18,47.7560952713,-10.7130090629,11.5150249115
4.2,47.542176765,-10.6788415646,11.5167778835
4.22,47.3289419593,-10.644639007,11.5184242698
4.24,47.116391534,-10.6104035216,11.519965481
4.26,46.9045261267,-10.576137212,11.5214029132
4.28,46.693346333,-10.5418421537,11.5227379476
4.3,46.4828527075,-10.5075203947,11.5239719514
4.32,46.273045764,-10.4731739557,11.5251062773
4.34,46.0639259762,-10.4388048302,11.526142264
4.36,45.855493778,-10.4044149849,11.5270812361
4.38,45.6477495646,-10.3700063602,11.5279245044
4.4,45.4406936923,-10.3355808701,11.528673366
4.42,45.2343264795,-10.3011404028,11.5293291044
4.44,45.0286482073,-10.2666868207,11.5298929896
4.46,44.8236591195,-10.2322219609,11.5303662783
4.48,44.6193594235,-10.1977476353,11.5307502139
4.5,44.4157492909,-10.163265631,11.5310460268
4.52,44.2128288575,-10.1287777105,11.5312549345
4.54,44.0105982242,-10.0942856118,11.5313781414
4.56,43.8090574576,-10.059791049,11.5314168394
4.58,43.60820659,-10.0252957122,11.5313722077
4.6,43.4080456202,-9.99080126804,11.5312454132
4.62,43.2085745139,-9.95630935978,11.5310376102
4.64,43.0097932043,-9.92182160758,11.5307499408
4.66,42.8117015921,-9.88733960876,11.5303835351
4.68,42.6142995466,-9.85286493806,11.529939511
4.7,42.4175869058,-9.81839914784,11.5294189748
4.72,42.2215634766,-9.78394376834,11.5288230206
4.74,42.0262290358,-9.74950030793,11.5281527312
4.76,41.8315833302,-9.7150702533,11.5274091777
4.78,41.637626077,-9.68065506975,11.5265934196
4.8,41.4443569643,-9.64625620136,11.5257065052
4.82,41.2517756516,-9.61187507125,11.5247494717
4.84,41.05988177,-9.57751308182,11.5237233449
4.86,40.8686749231,-9.54317161492,11.5226291397
4.88,40.6781546866,-9.50885203213,11.5214678601
4.9,40.4883206095,-9.47455567493,11.5202404993
4.92,40.2991722141,-9.44028386494,11.5189480398
4.94,40.1107089964,-9.40603790415,11.5175914533
4.96,39.9229304266,-9.37181907508,11.5161717014
4.98,39.7358359495,-9.33762864105,11.5146897348
5,39.5494249846,-9.30346784636,11.5131464943
5.02,39.363696927,-9.26933791647,11.5115429103
5.04,39.1786511472,-9.23524005826,11.5098799031
5.06,38.994286992,-9.2011754602,11.5081583831
5.08,38.8106037845,-9.16714529254,11.5063792506
5.1,38.6276008245,-9.13315070753,11.5045433963
5.12,38.445277389,-9.0991928396,11.502651701
5.14,38.2636327326,-9.06527280558,11.500705036
5.16,38.0826660875,-9.03139170486,11.4987042629
5.18,37.9023766642,-8.9975506196,11.496650234
5.2,37.7227636519,-8.96375061492,11.4945437922
5.22,37.5438262184,-8.92999273908,11.4923857712
5.24,37.3655635107,-8.89627802365,11.4901769953
5.26,37.1879746557,-8.86260748375,11.4879182799
5.28,37.0110587596,-8.82898211815,11.4856104315
5.3,36.8348149094,-8.79540290952,11.4832542475
5.32,36.659242172,-8.76187082457,11.4808505166
5.34,36.4843395956,-8.72838681424,11.4784000185
5.36,36.3101062094,-8.69495181387,11.4759035246
5.38,36.1365410238,-8.66156674338,11.4733617975
5.4,35.9636430313,-8.62823250743,11.4707755914
5.42,35.7914112062,-8.5949499956,11.4681456522
5.44,35.6198445055,-8.56172008255,11.4654727171
5.46,35.4489418684,-8.52854362821,11.4627575155
5.48,35.2787022173,-8.4954214779,11.4600007685
5.5,35.1091244579,-8.46235446253,11.4572031888
5.52,34.9402074793,-8.42934339875,11.4543654816
5.54,34.7719501544,-8.39638908912,11.4514883439
5.56,34.6043513403,-8.36349232225,11.4485724647
5.58,34.4374098783,-8.33065387295,11.4456185257
5.6,34.2711245946,-8.29787450244,11.4426272004
5.62,34.1054943,-8.26515495843,11.4395991549
5.64,33.9405177906,-8.23249597533,11.4365350479
5.66,33.7761938481,-8.19989827437,11.4334355303
5.68,33.6125212398,-8.16736256377,11.4303012459
5.7,33.4494987187,-8.13488953885,11.4271328309
5.72,33.2871250245,-8.10247988223,11.4239309146
5.74,33.1253988831,-8.07013426394,11.4206961188
5.76,32.964319007,-8.03785334156,11.4174290583
5.78,32.803884096,-8.0056377604,11.4141303408
5.8,32.6440928368,-7.97348815358,11.4108005671
5.82,32.4849439039,-7.94140514224,11.4074403311
5.84,32.3264359591,-7.90938933562,11.4040502198
5.86,32.1685676524,-7.87744133122,11.4006308136
5.88,32.011337622,-7.84556171495,11.3971826858
5.9,31.8547444942,-7.81375106124,11.3937064036
5.92,31.6987868843,-7.78200993316,11.3902025271
5.94,31.5434633961,-7.75033888262,11.3866716103
5.96,31.3887726228,-7.71873845042,11.3831142006
5.98,31.2347131466,-7.6872091664,11.3795308389
6,31.0812835394,-7.65575154963,11.37592206
6.02,30.9284823629,-7.62436610843,11.3722883924
6.04,30.7763081684,-7.59305334058,11.3686303582
6.06,30.6247594976,-7.56181373342,11.3649484737
6.08,30.4738348827,-7.53064776394,11.3612432488
6.1,30.323532846,-7.49955589897,11.3575151878
6.12,30.1738519011,-7.46853859521,11.3537647885
6.14,30.0247905521,-7.43759629944,11.3499925434
6.16,29.8763472947,-7.40672944857,11.3461989386
6.18,29.7285206155,-7.3759384698,11.342384455
6.2,29.581308993,-7.3452237807,11.3385495673
6.22,29.4347108973,-7.31458578935,11.3346947449
6.24,29.2887247904,-7.28402489446,11.3308204513
6.26,29.1433491266,-7.25354148543,11.3269271446
6.28,28.9985823524,-7.22313594254,11.3230152775
6.3,28.8544229066,-7.19280863699,11.3190852971
6.32,28.7108692209,-7.16255993105,11.3151376452
6.34,28.5679197198,-7.13239017814,11.3111727583
6.36,28.4255728208,-7.10229972298,11.3071910676
6.38,28.2838269345,-7.07228890162,11.303192999
6.4,28.1426804651,-7.04235804164,11.2991789733
6.42,28.0021318101,-7.01250746218,11.2951494063
6.44,27.8621793607,-6.98273747405,11.2911047086
6.46,27.7228215022,-6.95304837988,11.2870452857
6.48,27.5840566136,-6.92344047417,11.2829715383
6.5,27.4458830684,-6.8939140434,11.2788838622
6.52,27.3082992344,-6.86446936616,11.2747826482
6.54,27.1713034736,-6.83510671319,11.2706682824
6.56,27.034894143,-6.80582634755,11.2665411461
6.58,26.8990695942,-6.77662852462,11.2624016159
6.6,26.7638281741,-6.7475134923,11.2582500637
6.62,26.6291682242,-6.71848149103,11.2540868568
6.64,26.4950880818,-6.68953275389,11.2499123579
6.66,26.3615860792,-6.66066750674,11.2457269252
6.68,26.2286605444,-6.63188596823,11.2415309124
6.7,26.0963098012,-6.60318834998,11.2373246688
6.72,25.9645321692,-6.57457485661,11.2331085393
6.74,25.8333259637,-6.54604568582,11.2288828644
6.76,25.7026894966,-6.51760102853,11.2246479804
6.78,25.5726210756,-6.48924106892,11.2204042192
6.8,25.4431190051,-6.46096598454,11.2161519086
6.82,25.3141815858,-6.43277594637,11.2118913722
6.84,25.1858071151,-6.40467111893,11.2076229294
6.86,25.0579938873,-6.37665166034,11.2033468958
6.88,24.9307401935,-6.34871772242,11.1990635825
6.9,24.8040443218,-6.32086945077,11.1947732969
6.92,24.6779045574,-6.29310698483,11.1904763425
6.94,24.552319183,-6.26543045798,11.1861730186
6.96,24.4272864784,-6.23783999761,11.1818636209
6.98,24.3028047212,-6.21033572519,11.1775484411
7,24.1788721864,-6.18291775637,11.1732277671
7.02,24.0554871468,-6.15558620103,11.1689018831
7.04,23.9326478732,-6.12834116337,11.1645710696
7.06,23.8103526341,-6.10118274198,11.1602356033
7.08,23.6885996964,-6.07411102991,11.1558957574
7.1,23.567387325,-6.04712611476,11.1515518013
7.12,23.446713783,-6.02022807874,11.1472040012
7.14,23.3265773323,-5.99341699871,11.1428526192
7.16,23.2069762328,-5.96669294633,11.1384979145
7.18,23.0879087435,-5.94005598804,11.1341401424
7.2,22.9693731217,-5.91350618519,11.129779555
7.22,22.8513676239,-5.88704359409,11.125416401
7.24,22.7338905053,-5.86066826607,11.1210509256
7.26,22.6169400202,-5.83438024756,11.1166833709
7.28,22.5005144219,-5.80817958014,11.1123139755
7.3,22.3846119631,-5.78206630063,11.1079429749
7.32,22.2692308957,-5.75604044113,11.1035706013
7.34,22.154369471,-5.73010202911,11.0991970839
7.36,22.0400259398,-5.70425108743,11.0948226484
7.38,21.9261985526,-5.67848763446,11.0904475178
7.4,21.8128855594,-5.65281168411,11.0860719117
7.42,21.7000852101,-5.62722324587,11.0816960469
7.44,21.5877957544,-5.60172232493,11.0773201369
7.46,21.4760154419,-5.57630892219,11.0729443925
7.48,21.3647425224,-5.55098303434,11.0685690214
7.5,21.2539752455,-5.52574465392,11.0641942283
7.52,21.1437118613,-5.50059376935,11.0598202152
7.54,21.0339506199,-5.47553036505,11.0554471811
7.56,20.9246897721,-5.45055442142,11.0510753224
7.58,20.8159275687,-5.42566591498,11.0467048322
7.6,20.7076622614,-5.40086481833,11.0423359015
7.62,20.5998921022,-5.3761511003,11.037968718
7.64,20.4926153439,-5.35152472594,11.0336034669
7.66,20.3858302401,-5.32698565661,11.0292403308
7.68,20.279535045,-5.30253384999,11.0248794896
7.7,20.1737280139,-5.2781692602,11.0205211205
7.72,20.0684074029,-5.25389183779,11.0161653981
7.74,19.9635714693,-5.22970152983,11.0118124946
7.76,19.8592184712,-5.20559827994,11.0074625794
7.78,19.7553466681,-5.18158202835,11.0031158197
7.8,19.6519543207,-5.15765271195,10.9987723799
7.82,19.5490396909,-5.13381026436,10.9944324221
7.84,19.4466010421,-5.11005461591,10.9900961061
7.86,19.344636639,-5.08638569379,10.985763589
7.88,19.2431447479,-5.06280342201,10.9814350257
7.9,19.1421236364,-5.0393077215,10.9771105687
7.92,19.0415715741,-5.01589851013,10.9727903682
7.94,18.941486832,-4.99257570276,10.9684745721
7.96,18.8418676828,-4.96933921132,10.964163326
7.98,18.7427124013,-4.9461889448,10.9598567732
8,18.6440192637,-4.92312480934,10.9555550549
8.02,18.5457865486,-4.90014670824,10.9512583099
8.04,18.448012536,-4.87725454204,10.9469666751
8.06,18.3506955085,-4.85444820854,10.942680285
8.08,18.2538337504,-4.83172760284,10.9383992719
8.1,18.1574255482,-4.8090926174,10.9341237664
8.12,18.0614691906,-4.78654314207,10.9298538966
8.14,17.9659629686,-4.76407906414,10.9255897887
8.16,17.8709051752,-4.74170026837,10.9213315668
8.18,17.7762941062,-4.71940663703,10.9170793532
8.2,17.6821280593,-4.69719804997,10.9128332679
8.22,17.588405335,-4.67507438461,10.908593429
8.24,17.495124236,-4.65303551603,10.9043599529
8.26,17.4022830676,-4.63108131697,10.9001329538
8.28,17.3098801379,-4.6092116579,10.895912544
8.3,17.2179137572,-4.58742640702,10.891698834
8.32,17.1263822389,-4.56572543033,10.8874919326
8.34,17.0352838986,-4.54410859168,10.8832919463
8.36,16.9446170552,-4.52257575276,10.8790989803
8.38,16.8543800299,-4.50112677315,10.8749131376
8.4,16.7645711471,-4.4797615104,10.8707345196
8.42,16.6751887338,-4.45847982001,10.8665632259
8.44,16.5862311201,-4.43728155549,10.8623993544
8.46,16.4976966388,-4.4161665684,10.8582430012
8.48,16.409583626,-4.39513470837,10.8540942607
8.5,16.3218904207,-4.37418582316,10.8499532257
8.52,16.2346153649,-4.35331975864,10.8458199873
8.54,16.1477568037,-4.3325363589,10.8416946348
8.56,16.0613130855,-4.3118354662,10.8375772561
8.58,15.9752825616,-4.29121692108,10.8334679374
8.6,15.8896635868,-4.27068056233,10.8293667632
8.62,15.8044545189,-4.25022622707,10.8252738167
8.64,15.7196537191,-4.22985375074,10.8211891792
8.66,15.6352595519,-4.20956296715,10.8171129308
8.68,15.5512703852,-4.18935370854,10.8130451498
8.7,15.46768459,-4.16922580554,10.8089859131
8.72,15.3845005411,-4.14917908728,10.8049352962
8.74,15.3017166164,-4.12921338136,10.800893373
8.76,15.2193311975,-4.1093285139,10.796860216
8.78,15.1373426692,-4.08952430958,10.7928358964
8.8,15.0557494202,-4.06980059165,10.7888204837
8.82,14.9745498425,-4.05015718197,10.7848140463
8.84,14.8937423316,-4.03059390105,10.7808166509
8.86,14.813325287,-4.01111056803,10.7768283632
8.88,14.7332971113,-3.99170700077,10.7728492472
8.9,14.6536562111,-3.97238301582,10.7688793657
8.92,14.5744009967,-3.95313842851,10.7649187804
8.94,14.4955298818,-3.9339730529,10.7609675512
8.96,14.4170412843,-3.91488670188,10.7570257372
8.98,14.3389336254,-3.89587918713,10.7530933959
9,14.2612053303,-3.87695031921,10.7491705838
9.02,14.1838548281,-3.85809990754,10.7452573559
9.04,14.1068805514,-3.83932776042,10.7413537661
9.06,14.0302809369,-3.8206336851,10.7374598671
9.08,13.9540544252,-3.80201748775,10.7335757104
9.1,13.8781994606,-3.78347897355,10.7297013462
9.12,13.8027144914,-3.76501794662,10.7258368237
9.14,13.7275979698,-3.74663421015,10.7219821907
9.16,13.6528483521,-3.72832756633,10.7181374942
9.18,13.5784640982,-3.71009781645,10.7143027797
9.2,13.5044436725,-3.69194476086,10.7104780919
9.22,13.4307855429,-3.67386819902,10.7066634742
9.24,13.3574881816,-3.65586792953,10.7028589689
9.26,13.2845500648,-3.63794375016,10.6990646173
9.28,13.2119696727,-3.62009545781,10.6952804597
9.3,13.1397454896,-3.60232284861,10.6915065353
9.32,13.067876004,-3.58462571791,10.6877428821
9.34,12.9963597082,-3.56700386027,10.6839895372
9.36,12.9251950989,-3.54945706952,10.6802465368
9.38,12.8543806768,-3.53198513879,10.6765139159
9.4,12.7839149468,-3.51458786047,10.6727917087
9.42,12.713796418,-3.4972650263,10.6690799483
9.44,12.6440236034,-3.48001642733,10.6653786667
9.46,12.5745950206,-3.462841854,10.6616878953
9.48,12.5055091911,-3.44574109609,10.6580076643
9.5,12.4367646407,-3.4287139428,10.6543380031
9.52,12.3683598995,-3.41176018274,10.65067894
9.54,12.3002935016,-3.39487960394,10.6470305026
9.56,12.2325639856,-3.37807199389,10.6433927174
9.58,12.1651698943,-3.36133713954,10.6397656104
9.6,12.0981097746,-3.34467482733,10.6361492062
9.62,12.0313821779,-3.32808484321,10.6325435289
9.64,11.9649856597,-3.31156697263,10.6289486017
9.66,11.89891878,-3.2951210006,10.6253644468
9.68,11.8331801029,-3.27874671166,10.6217910858
9.7,11.7677681969,-3.26244388995,10.6182285393
9.72,11.7026816348,-3.24621231916,10.6146768272
9.74,11.6379189938,-3.23005178261,10.6111359686
9.76,11.5734788553,-3.21396206324,10.6076059816
9.78,11.5093598052,-3.19794294361,10.6040868839
9.8,11.4455604337,-3.18199420593,10.6005786921
9.82,11.3820793354,-3.16611563209,10.5970814222
9.84,11.318915109,-3.15030700365,10.5935950895
9.86,11.256066358,-3.13456810186,10.5901197083
9.88,11.1935316899,-3.11889870769,10.5866552926
9.9,11.1313097168,-3.10329860184,10.5832018553
9.92,11.0693990551,-3.08776756473,10.5797594087
9.94,11.0077983257,-3.07230537656,10.5763279645
9.96,10.9465061537,-3.05691181727,10.5729075336
9.98,10.8855211689,-3.0415866666,10.5694981263
10,10.8248420052,-3.02632970407,10.5660997522
10.02,10.7644673011,-3.01114070902,10.5627124202
10.04,10.7043956994,-2.99601946062,10.5593361385
10.06,10.6446258474,-2.98096573785,10.5559709148
10.08,10.5851563968,-2.96597931955,10.5526167561
10.1,10.5259860038,-2.95105998443,10.5492736686
10.12,10.4671133288,-2.93620751106,10.5459416583
10.14,10.4085370369,-2.92142167789,10.5426207301
10.16,10.3502557975,-2.90670226329,10.5393108886
10.18,10.2922682844,-2.89204904552,10.5360121377
10.2,10.2345731759,-2.87746180276,10.5327244808
10.22,10.1771691548,-2.86294031315,10.5294479206
10.24,10.1200549081,-2.84848435474,10.5261824593
10.26,10.0632291275,-2.83409370555,10.5229280986
10.28,10.006690509,-2.81976814358,10.5196848394
10.3,9.95043775311,-2.80550744679,10.5164526824
10.32,9.89446956471,-2.79131139314,10.5132316274
10.34,9.83878465317,-2.77717976059,10.510021674
10.36,9.78338173229,-2.76311232711,10.5068228211
10.38,9.72825952032,-2.74910887069,10.503635067
10.4,9.67341673992,-2.73516916935,10.5004584098
10.42,9.61885211821,-2.72129300115,10.4972928466
10.44,9.56456438676,-2.70748014422,10.4941383745
10.46,9.51055228155,-2.69373037673,10.4909949899
10.48,9.45681454301,-2.68004347693,10.4878626887
10.5,9.40334991601,-2.66641922316,10.4847414663
10.52,9.35015714984,-2.65285739383,10.4816313177
10.54,9.29723499823,-2.63935776748,10.4785322374
10.56,9.24458221933,-2.62592012273,10.4754442196
10.58,9.19219757571,-2.61254423834,10.4723672578
10.6,9.1400798344,-2.59922989318,10.4693013451
10.62,9.08822776681,-2.58597686628,10.4662464744
10.64,9.03664014877,-2.57278493679,10.4632026379
10.66,8.98531576057,-2.55965388403,10.4601698276
10.68,8.93425338685,-2.54658348748,10.4571480348
10.7,8.88345181671,-2.53357352679,10.4541372507
10.72,8.83290984362,-2.52062378177,10.451137466
10.74,8.78262626548,-2.50773403245,10.4481486709
10.76,8.73259988457,-2.49490405904,10.4451708552
10.78,8.68282950756,-2.48213364193,10.4422040084
10.8,8.63331394552,-2.46942256176,10.4392481198
10.82,8.58405201391,-2.45677059937,10.4363031779
10.84,8.53504253256,-2.44417753581,10.4333691712
10.86,8.48628432567,-2.43164315239,10.4304460876
10.88,8.43777622184,-2.41916723063,10.4275339148
10.9,8.38951705401,-2.40674955234,10.4246326402
10.92,8.3415056595,-2.39438989954,10.4217422505
10.94,8.29374087995,-2.38208805452,10.4188627326
10.96,8.24622156141,-2.36984379987,10.4159940725
10.98,8.19894655423,-2.35765691842,10.4131362564
11,8.15191471311,-2.34552719329,10.4102892697
11.02,8.1051248971,-2.3334544079,10.4074530979
11.04,8.05857596956,-2.32143834594,10.4046277258
11.06,8.01226679819,-2.30947879143,10.4018131382
11.08,7.96619625499,-2.29757552866,10.3990093195
11.1,7.92036321628,-2.28572834227,10.3962162536
11.12,7.87476656268,-2.2739370172,10.3934339245
11.14,7.82940517912,-2.26220133871,10.3906623156
11.16,7.78427795481,-2.2505210924,10.3879014101
11.18,7.73938378325,-2.2388960642,10.3851511909
11.2,7.6947215622,-2.22732604038,10.3824116408
11.22,7.65029019372,-2.21581080756,10.379682742
11.24,7.60608858412,-2.20435015272,10.3769644768
11.26,7.56211564396,-2.19294386318,10.374256827
11.28,7.51837028806,-2.18159172664,10.3715597741
11.3,7.47485143548,-2.17029353116,10.3688732996
11.32,7.43155800952,-2.15904906517,10.3661973845
11.34,7.38848893769,-2.14785811748,10.3635320097
11.36,7.34564315174,-2.13672047729,10.3608771559
11.38,7.30301958763,-2.12563593417,10.3582328034
11.4,7.26061718551,-2.1146042781,10.3555989324
11.42,7.21843488973,-2.10362529945,10.3529755228
11.44,7.17647164885,-2.092698789,10.3503625544
11.46,7.13472641558,-2.08182453791,10.3477600067
11.48,7.09319814682,-2.07100233777,10.3451678588
11.5,7.05188580364,-2.0602319806,10.34258609
11.52,7.01078835124,-2.0495132588,10.340014679
11.54,6.969904759,-2.03884596522,10.3374536046
11.56,6.92923400042,-2.02822989313,10.3349028451
11.58,6.88877505313,-2.01766483622,10.332362379
11.6,6.84852689888,-2.00715058864,10.3298321842
11.62,6.80848852354,-1.99668694496,10.3273122386
11.64,6.76865891709,-1.98627370019,10.3248025201
11.66,6.72903707359,-1.97591064979,10.322303006
11.68,6.6896219912,-1.96559758967,10.3198136738
11.7,6.65041267214,-1.95533431619,10.3173345007
11.72,6.61140812271,-1.94512062618,10.3148654636
11.74,6.57260735328,-1.9349563169,10.3124065394
11.76,6.53400937825,-1.92484118611,10.3099577049
11.78,6.49561321607,-1.91477503202,10.3075189365
11.8,6.45741788922,-1.90475765329,10.3050902106
11.82,6.4194224242,-1.89478884908,10.3026715034
11.84,6.38162585151,-1.88486841901,10.3002627911
11.86,6.34402720569,-1.87499616318,10.2978640495
11.88,6.30662552524,-1.86517188219,10.2954752545
11.9,6.26941985265,-1.8553953771,10.2930963817
11.92,6.23240923438,-1.84566644947,10.2907274065
11.94,6.19559272087,-1.83598490134,10.2883683044
11.96,6.15896936651,-1.82635053525,10.2860190507
11.98,6.12253822961,-1.81676315424,10.2836796204
12,6.08629837245,-1.80722256183,10.2813499886
12.02,6.05024886121,-1.79772856206,10.2790301301
12.04,6.014388766,-1.78828095946,10.2767200197
12.06,5.97871716081,-1.77887955906,10.274419632
12.08,5.94323312356,-1.76952416642,10.2721289417
12.1,5.90793573602,-1.76021458759,10.269847923
12.12,5.87282408385,-1.75095062913,10.2675765503
12.14,5.83789725658,-1.74173209812,10.2653147979
12.16,5.80315434757,-1.73255880216,10.2630626398
12.18,5.76859445406,-1.72343054937,10.2608200501
12.2,5.73421667708,-1.71434714837,10.2585870026
12.22,5.70002012151,-1.70530840831,10.2563634712
12.24,5.66600389604,-1.69631413889,10.2541494297
12.26,5.63216711315,-1.68736415029,10.2519448516
12.28,5.59850888911,-1.67845825326,10.2497497106
12.3,5.56502834399,-1.66959625905,10.2475639801
12.32,5.53172460161,-1.66077797945,10.2453876334
12.34,5.49859678954,-1.65200322678,10.243220644
12.36,5.46564403914,-1.6432718139,10.241062985
12.38,5.43286548546,-1.6345835542,10.2389146297
12.4,5.4002602673,-1.62593826161,10.236775551
12.42,5.36782752718,-1.61733575059,10.2346457221
12.44,5.33556641131,-1.60877583614,10.2325251159
12.46,5.30347606961,-1.60025833382,10.2304137053
12.48,5.27155565567,-1.59178305972,10.2283114631
12.5,5.23980432677,-1.58334983045,10.2262183621
12.52,5.20822124384,-1.57495846321,10.224134375
12.54,5.17680557145,-1.56660877571,10.2220594744
12.56,5.14555647783,-1.55830058622,10.219993633
12.58,5.11447313483,-1.55003371356,10.2179368233
12.6,5.08355471792,-1.5418079771,10.2158890178
12.62,5.05280040618,-1.53362319674,10.213850189
12.64,5.02220938229,-1.52547919296,10.2118203092
12.66,4.99178083249,-1.51737578678,10.2097993508
12.68,4.96151394662,-1.50931279976,10.2077872862
12.7,4.93140791809,-1.50129005404,10.2057840877
12.72,4.90146194382,-1.49330737228,10.2037897273
12.74,4.87167522432,-1.48536457774,10.2018041775
12.76,4.8420469636,-1.47746149419,10.1998274103
12.78,4.8125763692,-1.46959794598,10.1978593979
12.8,4.78326265216,-1.46177375802,10.1959001124
12.82,4.75410502702,-1.45398875578,10.1939495258
12.84,4.72510271181,-1.44624276526,10.1920076103
12.86,4.69625492803,-1.43853561305,10.1900743378
12.88,4.66756090064,-1.4308671263,10.1881496803
12.9,4.63901985805,-1.42323713269,10.1862336099
12.92,4.61063103212,-1.41564546049,10.1843260985
12.94,4.58239365813,-1.40809193852,10.182427118
12.96,4.55430697478,-1.40057639616,10.1805366403
12.98,4.52637022418,-1.39309866336,10.1786546374
13,4.49858265184,-1.38565857061,10.1767810812
13.02,4.47094350665,-1.37825594898,10.1749159435
13.04,4.44345204086,-1.37089063011,10.1730591962
13.06,4.41610751009,-1.36356244619,10.1712108111
13.08,4.38890917333,-1.35627122997,10.1693707602
13.1,4.36185629288,-1.34901681476,10.1675390152
13.12,4.33494813439,-1.34179903446,10.165715548
13.14,4.30818396681,-1.3346177235,10.1639003304
13.16,4.28156306241,-1.32747271689,10.1620933343
13.18,4.25508469674,-1.32036385021,10.1602945315
13.2,4.22874814864,-1.31329095957,10.1585038939
13.22,4.20255270023,-1.3062538817,10.1567213932
13.24,4.17649763687,-1.29925245383,10.1549470013
13.26,4.1505822472,-1.29228651381,10.15318069
13.28,4.12480582306,-1.28535590001,10.1514224312
13.3,4.09916765954,-1.27846045138,10.1496721968
13.32,4.07366705496,-1.27160000745,10.1479299586
13.34,4.0483033108,-1.26477440828,10.1461956885
13.36,4.02307573177,-1.25798349451,10.1444693583
13.38,3.99798362575,-1.25122710734,10.14275094
13.4,3.97302630379,-1.24450508854,10.1410404055
13.42,3.9482030801,-1.23781728043,10.1393377267
13.44,3.92351327204,-1.23116352589,10.1376428755
13.46,3.8989562001,-1.22454366838,10.1359558239
13.48,3.87453118789,-1.21795755191,10.1342765438
13.5,3.85023756217,-1.21140502103,10.1326050073
13.52,3.82607465275,-1.20488592089,10.1309411863
13.54,3.80204179257,-1.19840009716,10.1292850529
13.56,3.77813831763,-1.1919473961,10.1276365792
13.58,3.75436356703,-1.18552766452,10.1259957371
13.6,3.73071688288,-1.17914074978,10.1243624989
13.62,3.70719761039,-1.1727864998,10.1227368366
13.64,3.68380509776,-1.16646476307,10.1211187224
13.66,3.66053869624,-1.16017538862,10.1195081285
13.68,3.6373977601,-1.15391822605,10.117905027
13.7,3.61438164658,-1.14769312551,10.1163093903
13.72,3.59148971595,-1.1414999377,10.1147211905
13.74,3.56872133143,-1.13533851389,10.1131404
13.76,3.54607585923,-1.12920870589,10.111566991
13.78,3.52355266851,-1.12311036607,10.110000936
13.8,3.50115113138,-1.11704334735,10.1084422074
13.82,3.47887062287,-1.11100750321,10.1068907775
13.84,3.45671052097,-1.10500268766,10.1053466188
13.86,3.43467020654,-1.09902875528,10.1038097039
13.88,3.41274906337,-1.0930855612,10.1022800052
13.9,3.39094647815,-1.0871729611,10.1007574954
13.92,3.36926184043,-1.08129081119,10.099242147
13.94,3.34769454263,-1.07543896825,10.0977339327
13.96,3.32624398005,-1.0696172896,10.0962328251
13.98,3.30490955083,-1.06382563309,10.0947387971
14,3.28369065592,-1.05806385715,10.0932518213
14.02,3.26258669915,-1.05233182073,10.0917718706
14.04,3.24159708711,-1.04662938331,10.0902989179
14.06,3.22072122922,-1.04095640496,10.088832936
14.08,3.19995853771,-1.03531274624,10.0873738978
14.1,3.17930842757,-1.02969826828,10.0859217765
14.12,3.15877031655,-1.02411283275,10.0844765449
14.14,3.13834362521,-1.01855630185,10.0830381763
14.16,3.11802777681,-1.01302853833,10.0816066436
14.18,3.09782219737,-1.00752940545,10.0801819201
14.2,3.07772631564,-1.00205876705,10.0787639791
14.22,3.0577395631,-0.99661648747,10.0773527937
14.24,3.03786137391,-0.991202431597,10.0759483372
14.26,3.01809118494,-0.985816464852,10.0745505832
14.28,2.99842843576,-0.980458453188,10.0731595049
14.3,2.9788725686,-0.975128263089,10.0717750759
14.32,2.95942302835,-0.96982576157,10.0703972697
14.34,2.94007926258,-0.964550816177,10.0690260598
14.36,2.92084072147,-0.95930329498,10.0676614199
14.38,2.90170685785,-0.954083066582,10.0663033237
14.4,2.88267712718,-0.948890000109,10.0649517448
14.42,2.86375098753,-0.943723965212,10.0636066571
14.44,2.84492789956,-0.93858483207,10.0622680345
14.46,2.82620732652,-0.933472471379,10.0609358508
14.48,2.80758873426,-0.928386754364,10.0596100799
14.5,2.78907159119,-0.923327552765,10.058290696
14.52,2.77065536828,-0.918294738845,10.056977673
14.54,2.75233953903,-0.913288185385,10.0556709851
14.56,2.73412357952,-0.908307765683,10.0543706064
14.58,2.71600696833,-0.903353353555,10.0530765113
14.6,2.69798918656,-0.898424823329,10.0517886739
14.62,2.68006971783,-0.89352204985,10.0505070688
14.64,2.66224804825,-0.888644908475,10.0492316701
14.66,2.64452366641,-0.883793275072,10.0479624526
14.68,2.6268960634,-0.878967026021,10.0466993906
14.7,2.60936473276,-0.874166038208,10.0454424588
14.72,2.59192917049,-0.869390189032,10.0441916319
14.74,2.57458887503,-0.864639356395,10.0429468845
14.76,2.55734334728,-0.859913418705,10.0417081914
14.78,2.54019209055,-0.855212254877,10.0404755275
14.8,2.52313461055,-0.850535744326,10.0392488678
14.82,2.50617041544,-0.845883766971,10.038028187
14.84,2.48929901574,-0.84125620323,10.0368134604
14.86,2.47251992437,-0.836652934023,10.0356046629
14.88,2.45583265662,-0.832073840765,10.0344017697
14.9,2.43923673016,-0.82751880537,10.0332047561
14.92,2.422731665,-0.822987710247,10.0320135974
14.94,2.40631698352,-0.8184804383,10.0308282688
14.96,2.3899922104,-0.813996872924,10.0296487458
14.98,2.37375687269,-0.809536898008,10.0284750039
15,2.35761049973,-0.80510039793,10.0273070186
15.02,2.34155262318,-0.800687257559,10.0261447655
15.04,2.32558277698,-0.796297362249,10.0249882203
15.06,2.30970049738,-0.791930597842,10.0238373588
15.08,2.2939053229,-0.787586850666,10.0226921567
15.1,2.27819679431,-0.783266007531,10.02155259
15.12,2.26257445468,-0.778967955732,10.0204186345
15.14,2.24703784929,-0.774692583043,10.0192902662
15.16,2.23158652569,-0.770439777719,10.0181674613
15.18,2.21622003362,-0.766209428493,10.0170501959
15.2,2.20093792509,-0.762001424574,10.0159384462
15.22,2.18573975429,-0.757815655651,10.0148321884
15.24,2.17062507762,-0.753652011882,10.013731399
15.26,2.15559345366,-0.749510383902,10.0126360543
15.28,2.14064444319,-0.745390662816,10.0115461308
15.3,2.12577760916,-0.7412927402,10.010461605
15.32,2.11099251668,-0.737216508099,10.0093824537
15.34,2.09628873301,-0.733161859026,10.0083086534
15.36,2.08166582756,-0.729128685959,10.0072401809
15.38,2.06712337187,-0.725116882341,10.006177013
15.4,2.05266093963,-0.721126342081,10.0051191267
15.42,2.03827810661,-0.717156959547,10.0040664989
15.44,2.02397445072,-0.713208629569,10.0030191066
15.46,2.00974955195,-0.709281247437,10.001976927
15.48,1.99560299239,-0.705374708898,10.0009399371
15.5,1.9815343562,-0.701488910155,9.99990811436
15.52,1.96754322962,-0.697623747868,9.99888143595
15.54,1.95362920095,-0.693779119149,9.99785987929
15.56,1.93979186054,-0.689954921563,9.99684342183
15.58,1.92603080079,-0.686151053126,9.99583204109
15.6,1.91234561614,-0.682367412304,9.99482571468
15.62,1.89873590304,-0.678603898011,9.99382442024
15.64,1.88520125996,-0.674860409606,9.99282813553
15.66,1.87174128739,-0.671136846895,9.99183683834
15.68,1.85835558782,-0.667433110129,9.99085050655
15.7,1.84504376572,-0.663749099997,9.98986911811
15.72,1.83180542755,-0.660084717635,9.98889265104
15.74,1.81864018172,-0.656439864614,9.98792108342
15.76,1.80554763865,-0.652814442946,9.98695439342
15.78,1.79252741067,-0.649208355078,9.98599255927
15.8,1.77957911208,-0.645621503892,9.98503555928
15.82,1.76670235911,-0.642053792707,9.9840833718
15.84,1.75389676993,-0.638505125271,9.9831359753
15.86,1.74116196462,-0.634975405765,9.98219334828
15.88,1.72849756518,-0.631464538799,9.98125546934
15.9,1.71590319549,-0.627972429412,9.98032231713
15.92,1.70337848137,-0.62449898307,9.97939387038
15.94,1.69092305048,-0.621044105662,9.97847010791
15.96,1.67853653239,-0.617607703504,9.97755100857
15.98,1.66621855852,-0.614189683332,9.97663655131
16,1.65396876217,-0.610789952306,9.97572671515
16.02,1.64178677846,-0.607408418003,9.97482147919
16.04,1.6296722444,-0.604044988419,9.97392082257
16.06,1.61762479879,-0.600699571968,9.97302472452
16.08,1.6056440823,-0.597372077478,9.97213316436
16.1,1.59372973738,-0.594062414191,9.97124612145
16.12,1.58188140832,-0.590770491762,9.97036357523
16.14,1.5700987412,-0.587496220257,9.96948550524
16.16,1.5583813839,-0.584239510152,9.96861189104
16.18,1.54672898608,-0.581000272331,9.9677427123
16.2,1.53514119917,-0.577778418085,9.96687794876
16.22,1.5236176764,-0.57457385911,9.96601758021
16.24,1.51215807273,-0.571386507506,9.96516158653
16.26,1.5007620449,-0.568216275775,9.96430994765
16.28,1.48942925137,-0.565063076822,9.96346264361
16.3,1.47815935237,-0.56192682395,9.96261965448
16.32,1.46695200982,-0.558807430861,9.96178096042
16.34,1.45580688739,-0.555704811652,9.96094654167
16.36,1.44472365047,-0.552618880819,9.96011637852
16.38,1.43370196613,-0.549549553248,9.95929045134
16.4,1.42274150315,-0.546496744222,9.95846874058
16.42,1.41184193202,-0.54346036941,9.95765122675
16.44,1.40100292487,-0.540440344875,9.95683789043
16.46,1.39022415555,-0.537436587067,9.95602871228
16.48,1.37950529956,-0.534449012821,9.95522367303
16.5,1.36884603403,-0.53147753936,9.95442275347
16.52,1.3582460378,-0.528522084291,9.95362593447
16.54,1.3477049913,-0.525582565602,9.95283319697
16.56,1.33722257663,-0.522658901662,9.95204452197
16.58,1.3267984775,-0.519751011223,9.95125989056
16.6,1.31643237925,-0.516858813412,9.95047928388
16.62,1.30612396884,-0.513982227734,9.94970268315
16.64,1.29587293482,-0.511121174071,9.94893006967
16.66,1.28567896735,-0.508275572678,9.94816142479
16.68,1.27554175818,-0.505445344182,9.94739672995
16.7,1.26546100065,-0.502630409583,9.94663596663
16.72,1.25543638965,-0.49983069025,9.94587911642
16.74,1.24546762167,-0.497046107922,9.94512616095
16.76,1.23555439474,-0.494276584703,9.94437708192
16.78,1.22569640846,-0.491522043065,9.94363186113
16.8,1.21589336397,-0.488782405842,9.94289048041
16.82,1.20614496395,-0.486057596234,9.94215292169
16.84,1.19645091261,-0.4833475378,9.94141916695
16.86,1.18681091569,-0.480652154461,9.94068919824
16.88,1.17722468044,-0.477971370496,9.93996299769
16.9,1.16769191563,-0.475305110542,9.9392405475
16.92,1.15821233153,-0.472653299592,9.93852182993
16.94,1.1487856399,-0.470015862994,9.93780682731
16.96,1.13941155401,-0.467392726448,9.93709552203
16.98,1.13008978858,-0.464783816007,9.93638789657
17,1.12082005984,-0.462189058075,9.93568393347
17.02,1.11160208547,-0.459608379406,9.93498361533
17.04,1.1024355846,-0.457041707099,9.93428692482
17.06,1.09332027785,-0.454488968603,9.93359384468
17.08,1.08425588724,-0.45195009171,9.93290435773
17.1,1.07524213628,-0.449425004555,9.93221844683
17.12,1.06627874988,-0.446913635618,9.93153609495
17.14,1.05736545439,-0.444415913719,9.93085728508
17.16,1.04850197757,-0.441931768018,9.9301820003
17.18,1.03968804861,-0.439461128012,9.92951022378
17.2,1.03092339809,-0.437003923536,9.9288419387
17.22,1.02220775801,-0.434560084762,9.92817712837
17.24,1.01354086174,-0.432129542195,9.92751577613
17.26,1.00492244405,-0.429712226672,9.92685786538
17.28,0.996352241091,-0.427308069364,9.92620337962
17.3,0.987829990379,-0.424917001772,9.92555230239
17.32,0.979355430805,-0.422538955724,9.92490461731
17.34,0.970928302614,-0.420173863378,9.92426030805
17.36,0.962548347408,-0.417821657217,9.92361935836
17.38,0.954215308135,-0.41548227005,9.92298175206
17.4,0.945928929084,-0.413155635008,9.92234747302
17.42,0.937688955879,-0.410841685548,9.92171650518
17.44,0.929495135469,-0.408540355445,9.92108883255
17.46,0.921347216126,-0.406251578793,9.92046443922
17.48,0.913244947438,-0.403975290009,9.91984330931
17.5,0.9051880803,-0.401711423823,9.91922542704
17.52,0.897176366909,-0.399459915282,9.91861077667
17.54,0.889209560759,-0.397220699749,9.91799934253
17.56,0.881287416632,-0.394993712898,9.91739110903
17.58,0.873409690596,-0.392778890717,9.91678606063
17.6,0.865576139994,-0.390576169505,9.91618418185
17.62,0.85778652344,-0.388385485868,9.91558545729
17.64,0.850040600814,-0.386206776722,9.91498987161
17.66,0.842338133254,-0.38403997929,9.91439740951
17.68,0.83467888315,-0.381885031099,9.91380805579
17.7,0.827062614139,-0.379741869983,9.91322179529
17.72,0.819489091099,-0.377610434078,9.91263861292
17.74,0.81195808014,-0.375490661819,9.91205849366
17.76,0.804469348602,-0.373382491946,9.91148142253
17.78,0.797022665048,-0.371285863495,9.91090738464
17.8,0.789617799255,-0.369200715803,9.91033636515
17.82,0.782254522212,-0.3671269885,9.90976834928
17.84,0.774932606112,-0.365064621514,9.90920332233
17.86,0.767651824346,-0.363013555067,9.90864126963
17.88,0.760411951498,-0.360973729675,9.90808217659
17.9,0.75321276334,-0.358945086143,9.9075260287
17.92,0.746054036823,-0.356927565569,9.90697281148
17.94,0.738935550074,-0.354921109339,9.90642251053
17.96,0.731857082389,-0.352925659129,9.9058751115
17.98,0.724818414229,-0.350941156899,9.90533060012
18,0.717819327211,-0.348967544896,9.90478896216
18.02,0.710859604106,-0.347004765653,9.90425018346
18.04,0.703939028829,-0.345052761984,9.90371424993
18.06,0.69705738644,-0.343111476985,9.90318114752
18.08,0.690214463129,-0.341180854035,9.90265086225
18.1,0.683410046221,-0.33926083679,9.90212338021
18.12,0.676643924161,-0.337351369186,9.90159868753
18.14,0.669915886515,-0.335452395435,9.90107677042
18.16,0.663225723961,-0.333563860027,9.90055761514
18.18,0.656573228283,-0.331685707724,9.90004120801
18.2,0.64995819237,-0.329817883564,9.89952753541
18.22,0.643380410206,-0.327960332855,9.89901658377
18.24,0.636839676866,-0.32611300118,9.8985083396
18.26,0.63033578851,-0.324275834388,9.89800278945
18.28,0.62386854238,-0.322448778599,9.89749991993
18.3,0.617437736792,-0.3206317802,9.89699971773
18.32,0.611043171132,-0.318824785846,9.89650216956
18.34,0.604684645849,-0.317027742455,9.89600726222
18.36,0.598361962452,-0.31524059721,9.89551498255
18.38,0.592074923504,-0.313463297559,9.89502531747
18.4,0.585823332617,-0.31169579121,9.89453825393
18.42,0.579606994443,-0.309938026131,9.89405377896
18.44,0.573425714676,-0.308189950552,9.89357187963
18.46,0.567279300041,-0.306451512959,9.89309254307
18.48,0.561167558291,-0.304722662098,9.89261575647
18.5,0.5550902982,-0.303003346969,9.89214150709
18.52,0.549047329562,-0.301293516827,9.89166978223
18.54,0.543038463182,-0.299593121182,9.89120056925
18.56,0.537063510872,-0.297902109797,9.89073385555
18.58,0.531122285447,-0.296220432686,9.89026962863
18.6,0.525214600719,-0.294548040114,9.88980787599
18.62,0.519340271492,-0.292884882594,9.88934858524
18.64,0.513499113557,-0.291230910889,9.888891744
18.66,0.507690943688,-0.289586076009,9.88843733996
18.68,0.501915579636,-0.28795032921,9.88798536089
18.7,0.496172840124,-0.286323621992,9.88753579458
18.72,0.490462544843,-0.2847059061,9.88708862889
18.74,0.484784514447,-0.283097133523,9.88664385173
18.76,0.479138570547,-0.281497256488,9.88620145108
18.78,0.473524535707,-0.279906227466,9.88576141494
18.8,0.467942233441,-0.278323999168,9.8853237314
18.82,0.462391488204,-0.27675052454,9.88488838859
18.84,0.456872125391,-0.275185756768,9.88445537469
18.86,0.451383971331,-0.273629649274,9.88402467793
18.88,0.445926853281,-0.272082155715,9.88359628661
18.9,0.440500599424,-0.270543229983,9.88317018906
18.92,0.435105038862,-0.269012826202,9.88274637368
18.94,0.429740001613,-0.267490898728,9.88232482892
18.96,0.424405318604,-0.26597740215,9.88190554327
18.98,0.419100821669,-0.264472291285,9.8814885053
19,0.413826343545,-0.262975521179,9.8810737036
19.02,0.408581717862,-0.261487047107,9.88066112683
19.04,0.403366779145,-0.26000682457,9.8802507637
19.06,0.398181362806,-0.258534809296,9.87984260297
19.08,0.393025305141,-0.257070957237,9.87943663345
19.1,0.387898443323,-0.255615224568,9.879032844
19.12,0.382800615401,-0.254167567688,9.87863122353
19.14,0.377731660291,-0.252727943217,9.87823176102
19.16,0.372691417779,-0.251296307997,9.87783444546
19.18,0.367679728509,-0.249872619087,9.87743926594
19.2,0.36269643398,-0.248456833769,9.87704621156
19.22,0.357741376547,-0.247048909537,9.87665527149
19.24,0.35281439941,-0.245648804108,9.87626643495
19.26,0.347915346615,-0.244256475409,9.87587969119
19.28,0.343044063045,-0.242871881585,9.87549502954
19.3,0.33820039442,-0.241494980994,9.87511243937
19.32,0.333384187288,-0.240125732207,9.87473191007
19.34,0.328595289025,-0.238764094005,9.87435343112
19.36,0.323833547832,-0.237410025383,9.87397699203
19.38,0.319098812722,-0.236063485542,9.87360258235
19.4,0.314390933528,-0.234724433895,9.8732301917
19.42,0.309709760888,-0.233392830061,9.87285980974
19.44,0.305055146249,-0.232068633866,9.87249142616
19.46,0.300426941857,-0.230751805343,9.87212503072
19.48,0.295825000756,-0.229442304729,9.87176061322
19.5,0.291249176784,-0.228140092465,9.87139816351
19.52,0.286699324568,-0.226845129194,9.87103767149
19.54,0.282175299518,-0.225557375765,9.87067912709
19.56,0.277676957828,-0.224276793223,9.87032252032
19.58,0.273204156468,-0.223003342816,9.8699678412
19.6,0.26875675318,-0.221736985992,9.86961507981
19.62,0.264334606476,-0.220477684396,9.8692642263
19.64,0.259937575633,-0.21922539987,9.86891527083
19.66,0.25556552069,-0.217980094453,9.86856820363
19.68,0.251218302442,-0.216741730381,9.86822301497
19.7,0.246895782437,-0.215510270081,9.86787969516
19.72,0.242597822974,-0.214285676178,9.86753823457
19.74,0.238324287098,-0.213067911487,9.86719862359
19.76,0.234075038593,-0.211856939015,9.86686085268
19.78,0.229849941983,-0.210652721961,9.86652491233
19.8,0.225648862526,-0.209455223715,9.8661907931
19.82,0.221471666211,-0.208264407853,9.86585848555
19.84,0.217318219751,-0.207080238142,9.86552798033
19.86,0.213188390584,-0.205902678535,9.8651992681
19.88,0.209082046867,-0.204731693173,9.8648723396
19.9,0.204999057471,-0.203567246381,9.86454718557
19.92,0.200939291981,-0.20240930267,9.86422379683
19.94,0.196902620687,-0.201257826733,9.86390216423
19.96,0.192888914585,-0.200112783448,9.86358227866
19.98,0.188898045372,-0.198974137875,9.86326413107
20,0.18492988544,-0.197841855254,9.86294771242
20.02,0.180984307878,-0.196715901005,9.86263301376
20.04,0.17706118646,-0.19559624073,9.86232002614
20.06,0.173160395651,-0.194482840207,9.86200874067
20.08,0.169281810595,-0.193375665394,9.8616991485
20.1,0.165425307117,-0.192274682424,9.86139124084
20.12,0.161590761717,-0.191179857607,9.86108500892
20.14,0.157778051566,-0.190091157429,9.86078044401
20.16,0.153987054506,-0.189008548548,9.86047753744
20.18,0.150217649043,-0.1879319978,9.86017628057
20.2,0.146469714343,-0.186861472188,9.85987666481
20.22,0.142743130232,-0.185796938892,9.8595786816
20.24,0.139037777191,-0.18473836526,9.85928232242
20.26,0.13535353635,-0.183685718812,9.85898757881
20.28,0.13169028949,-0.182638967235,9.85869444233
20.3,0.128047919033,-0.181598078389,9.85840290459
20.32,0.124426308047,-0.180563020297,9.85811295724
20.34,0.120825340232,-0.179533761152,9.85782459198
20.36,0.117244899927,-0.178510269313,9.85753780053
20.38,0.113684872101,-0.177492513302,9.85725257466
20.4,0.11014514235,-0.176480461809,9.85696890618
20.42,0.106625596895,-0.175474083685,9.85668678695
20.44,0.103126122579,-0.174473347946,9.85640620885
20.46,0.0996466068617,-0.173478223769,9.85612716382
20.48,0.0961869378191,-0.172488680493,9.85584964381
20.5,0.092747004138,-0.171504687617,9.85557364084
20.52,0.0893266951138,-0.1705262148,9.85529914695
20.54,0.0859259006472,-0.169553231861,9.85502615423
20.56,0.0825445112408,-0.168585708777,9.85475465479
20.58,0.0791824179962,-0.167623615681,9.85448464082
20.6,0.0758395126108,-0.166666922864,9.85421610449
20.62,0.0725156873744,-0.165715600775,9.85394903806
20.64,0.0692108351665,-0.164769620013,9.85368343379
20.66,0.065924849453,-0.163828951338,9.853419284
20.68,0.062657624283,-0.162893565658,9.85315658105
20.7,0.0594090542861,-0.161963434037,9.85289531731
20.72,0.0561790346688,-0.16103852769,9.85263548522
20.74,0.0529674612121,-0.160118817986,9.85237707724
20.76,0.0497742302678,-0.159204276441,9.85212008588
20.78,0.0465992387561,-0.158294874724,9.85186450366
20.8,0.0434423841624,-0.15739058465,9.85161032316
20.82,0.040303564534,-0.156491378187,9.85135753699
20.84,0.0371826784777,-0.155597227448,9.8511061378
20.86,0.0340796251563,-0.154708104692,9.85085611827
20.88,0.0309943042861,-0.153823982326,9.85060747111
20.9,0.0279266161338,-0.152944832904,9.8503601891
20.92,0.0248764615135,-0.152070629122,9.850114265
20.94,0.0218437417841,-0.151201343822,9.84986969166
20.96,0.018828358846,-0.150336949989,9.84962646193
20.98,0.0158302151386,-0.14947742075,9.84938456871
21,0.0128492136373,-0.148622729376,9.84914400493
21.02,0.00988525785079,-0.147772849278,9.84890476355
21.04,0.00693825181795,-0.146927754006,9.84866683759
21.06,0.00400810010534,-0.146087417255,9.84843022007
21.08,0.00109470780425,-0.145251812853,9.84819490406
21.0875447612,0,-0.144938366473,9.84819490406
