time_s,true_position_m,measurement_m,estimated_position_m,estimated_velocity_mps,position_sigma_m
0,100,98.5729208639,98.5729208639,0,5
0.2,100.40000246,92.8686069571,95.6648390451,-0.559250891561,3.57002787109
0.4,100.800784845,95.9144955925,95.6869937258,-0.490537593324,3.04290494824
0.6,101.202156202,108.131352017,99.6654483572,2.64867219856,2.85044482404
0.8,101.602097155,105.704990585,101.927221822,4.22819756651,2.80307198819
1,102.000605127,99.9922643667,101.90099845,3.4173108408,2.8005788972
1.2,102.397835367,98.0469735161,101.166323033,2.14176192026,2.79586263984
1.4,102.795173407,93.3261377246,99.0500125447,-0.00760530920608,2.77417729284
1.6,103.197637102,101.229353542,99.7022177267,0.517791434657,2.73566288395
1.8,103.604473789,103.449957526,100.857703411,1.29456360536,2.68505556657
2,104.012111718,103.591839928,101.801195134,1.76870094957,2.62728245506
2.2,104.42286189,103.953902251,102.630097929,2.08066041871,2.56614888878
2.4,104.839022901,99.2299747647,102.090378452,1.54663405294,2.50424701158
2.6,105.260166417,104.928796991,103.005189933,1.89310444329,2.44321390971
2.8,105.684054602,105.490687704,103.86455449,2.15750089667,2.38401854457
3,106.11075104,112.563561229,106.08898065,3.03144272568,2.32718905461
3.2,106.543835937,115.877503209,108.594905415,3.90594750197,2.27297282337
3.4,106.98100348,106.296058345,108.770342844,3.67635030307,2.22144327092
3.6,107.4202671,103.588737344,108.390869446,3.25760255613,2.17256913131
3.8,107.860826923,107.535916274,108.772487669,3.18444108898,2.12625866452
4,108.301327833,105.263221457,108.692887013,2.95557634478,2.08238754133
4.2,108.742191845,105.030022766,108.578124505,2.74366334571,2.0408162273
4.4,109.185824928,108.892574168,109.092287868,2.76637986436,2.00140065615
4.6,109.633666505,104.417144349,108.841973609,2.54667550843,1.96399863168
4.8,110.087013642,113.117547398,109.914826976,2.7555949497,1.92847352044
5,110.548992341,110.029414595,110.406650467,2.77660531763,1.89469623489
5.2,111.018956821,112.268998355,111.146860973,2.86857344348,1.86254614724
5.4,111.491823429,110.577123249,111.570736466,2.86880500455,1.83191134391
5.6,111.967144531,108.330872295,111.652554962,2.7817238529,1.80268848337
5.8,112.450104827,107.710307028,111.646008501,2.68212609954,1.77478242503
6,112.942248572,111.75586855,112.134317957,2.71501419616,1.74810573597
6.2,113.440844598,110.697042911,112.446421716,2.70582524246,1.72257814271
6.4,113.944934527,115.114441193,113.237164309,2.81054365218,1.69812596964
6.6,114.455836781,114.433678265,113.874805857,2.87555543341,1.67468158924
6.8,114.973095627,108.161561887,113.767770386,2.77573775715,1.65218289853
7,115.5009874,115.836593897,114.488467365,2.86092315738,1.6305728295
7.2,116.039703088,109.325401002,114.470811825,2.78999958367,1.60979889667
7.4,116.58723495,113.504846822,114.879495353,2.81178953148,1.58981278252
7.6,117.147136487,115.675368441,115.469737575,2.86995009216,1.57056995978
7.8,117.718465596,107.342099206,115.210236511,2.76378876123,1.55202934857
8,118.299380405,118.756917644,116.049861633,2.87164597584,1.53415300606
8.2,118.891409476,119.646326225,116.907426099,2.97829705279,1.51690584601
8.4,119.495034206,118.704913239,117.616432655,3.05408401729,1.50025538554
8.6,120.107703864,117.986117501,118.211212383,3.1074084834,1.48417151656
8.8,120.729553242,118.861534942,118.840449948,3.16539916733,1.46862629953
9,121.365849849,116.483152506,119.226111936,3.18109061566,1.45359377721
9.2,122.013436444,120.664934595,119.934182862,3.25047198801,1.43904980642
9.4,122.671392976,119.908333959,120.534788564,3.30046560093,1.424971906
9.6,123.343120704,123.801547667,121.408018837,3.39242815157,1.4113391192
9.8,124.025675549,118.004995101,121.772851143,3.40235169455,1.39813188901
10,124.722866583,125.900816128,122.7234824,3.50228554827,1.3853319452
10.2,125.437537486,126.153631953,123.635282803,3.59286904782,1.37292220168
10.4,126.163314307,125.455500146,124.441017811,3.66476099509,1.3608866633
10.6,126.898836242,124.702812126,125.145225558,3.71972969761,1.34921034097
10.8,127.647659132,130.409358594,126.218371945,3.82574134846,1.33787917434
11,128.409249469,120.086240935,126.503354044,3.81751702413,1.32687996126
11.2,129.183801991,131.486068682,127.564795799,3.91763878612,1.31620029329
11.4,129.971532748,131.186720079,128.547481003,4.00356394987,1.30582849681
11.6,130.772371186,132.189252649,129.544539634,4.08851776846,1.29575357893
11.8,131.58927744,133.505840402,130.575709759,4.17511001466,1.28596517803
12,132.419505077,129.151283044,131.268973975,4.21465993965,1.27645351819
12.2,133.260512098,131.963211807,132.107822692,4.27181248863,1.26720936744
12.4,134.112641435,137.297933091,133.24217919,4.36467317422,1.25822399918
12.6,134.975649086,137.128845307,134.308709814,4.44577471832,1.24948915669
12.8,135.847984628,136.881548455,135.306930598,4.51557317001,1.24099702037
13,136.728121963,129.156520737,135.786585328,4.51930642042,1.23274017743
13.2,137.617919934,140.307355509,136.912688704,4.60133184783,1.2247115939
13.4,138.520201427,144.367556387,138.225205985,4.70279770849,1.21690458865
13.6,139.437506063,144.485863528,139.482090823,4.79403170173,1.20931280934
13.8,140.365236203,141.534626447,140.50914113,4.85494307927,1.20193021005
14,141.299349359,133.510956341,141.030079259,4.85459637884,1.19475103059
14.2,142.243614077,146.956338148,142.285524655,4.93861741811,1.18776977713
14.4,143.195453086,142.459179902,143.232634681,4.98425304003,1.18098120427
14.6,144.152455283,131.489857043,143.531394344,4.95444460578,1.17438029829
14.8,145.118210913,147.004247929,144.66233218,5.01849783864,1.16796226154
15,146.095951437,138.635092522,145.290995142,5.02394047129,1.16172249788
15.2,147.087032631,140.60482973,145.996181943,5.03695785328,1.1556565991
15.4,148.08805993,144.913265468,146.897354819,5.07032423462,1.14976033218
15.6,149.096682965,155.459638855,148.310787082,5.15773510659,1.14402962747
15.8,150.112813279,148.258586508,149.290235921,5.19473275507,1.13846056757
16,151.139984715,152.494942654,150.444367493,5.24851535754,1.13304937696
16.2,152.177583607,160.917423425,151.977345579,5.34029821873,1.1277924123
16.4,153.221690111,161.191838924,153.459844408,5.42312886517,1.12268615338
16.6,154.27359286,153.756825781,154.50870085,5.45674928145,1.11772719457
16.8,155.333378152,154.125773042,155.530469096,5.48543661049,1.11291223698
17,156.39966004,150.095306869,156.309964578,5.48678271768,1.10823808096
17.2,157.470159311,153.99786894,157.244374223,5.50292931367,1.10370161923
17.4,158.544948716,160.671740454,158.460473695,5.54652244311,1.09929983039
17.6,159.625064567,161.603718376,159.670228856,5.58698888914,1.0950297729
17.8,160.712551888,161.263743043,160.813038105,5.6181533219,1.09088857946
18,161.80928841,166.783296698,162.168277484,5.66884326319,1.08687345178
18.2,162.912572936,159.050732871,163.105044129,5.67413009444,1.08298165571
18.4,164.022110633,163.741728032,164.218951383,5.69576382523,1.07921051675
18.6,165.136940164,168.793155107,165.519185092,5.73420295136,1.07555741586
18.8,166.257494964,169.178224495,166.783480464,5.76652317291,1.07201978561
19,167.384106046,172.738834924,168.157932508,5.80757449847,1.06859510662
19.2,168.515494429,170.500596463,169.374709803,5.83020225932,1.06528090429
19.4,169.648744375,168.101731597,170.432183165,5.8346823755,1.06207474578
19.6,170.783034778,172.593996079,171.645062262,5.85291070247,1.05897423733
19.8,171.91722068,166.904244698,172.553123087,5.83860661809,1.05597702172
20,173.046185407,164.84888875,173.328270931,5.8096485749,1.05308077604
20.2,174.172341754,177.075700659,174.605092073,5.82945481972,1.05028320966
20.4,175.297604179,175.021902515,175.73873939,5.83286946961,1.04758206241
20.6,176.422552034,177.964600166,176.952049443,5.84234362139,1.044975103
20.8,177.55311594,169.064694121,177.727167202,5.80647007149,1.04246012755
21,178.686944877,176.861374753,178.800879393,5.79909355108,1.04003495839
21.2,179.817941583,176.818656014,179.825313787,5.78522309416,1.037697443
21.4,180.947820378,176.626759805,180.79534417,5.76448944127,1.03544545308
21.6,182.078455497,170.803380465,181.471892033,5.71346720682,1.03327688383
21.8,183.208724214,181.534356804,182.568074519,5.70304840507,1.03118965333
22,184.336870439,188.82339188,183.924651423,5.71670298532,1.02918170207
22.2,185.464294926,187.369283535,185.164222515,5.71680028502,1.0272509926
22.4,186.592093912,183.587360864,186.192100511,5.69431498831,1.02539550932
22.6,187.716441543,187.642061685,187.342756494,5.68260177105,1.02361325832
22.8,188.835788247,192.619788648,188.650818154,5.68485603685,1.02190226741
23,189.95192305,176.149833737,189.218361877,5.61257092759,1.02026058612
23.2,191.062549261,190.439866527,190.343239394,5.59476959825,1.0186862859
23.4,192.16777302,194.883773756,191.601889366,5.5887711747,1.01717746029
23.6,193.267647853,196.67829098,192.880939345,5.5832225458,1.01573222527
23.8,194.363262421,202.866913456,194.360379257,5.59581931728,1.01434871955
24,195.456386372,201.131614768,195.709163628,5.59370145042,1.01302510496
24.2,196.54492677,198.107740944,196.8777621,5.5723109074,1.01175956693
24.4,197.626993282,199.136873312,198.036281133,5.54876484665,1.01055031491
24.6,198.701852212,202.636578952,199.285440058,5.53303274252,1.0093955829
24.8,199.766377474,197.0697425,200.253940215,5.48847945298,1.00829362998
25,200.818236308,200.617296034,201.318688438,5.45275969407,1.00724274078
25.2,201.861848494,206.393043509,202.567297339,5.43435591861,1.00624122612
25.4,202.894924353,212.682150427,204.015685709,5.43453749739,1.00528742348
25.6,203.918142371,203.121805842,205.019097795,5.38949785726,1.0043796976
25.8,204.931985,204.689981553,206.036617638,5.34535024833,1.00351644097
26,205.935996828,206.928397797,207.094724336,5.30472254552,1.00269607441
26.2,206.93171045,213.64772892,208.372233439,5.28521356636,1.00191704755
26.4,207.918909076,207.767342558,209.358557345,5.23610453907,1.00117783934
26.6,208.899291847,216.246087029,210.635408535,5.21539110138,1.00047695851
26.8,209.86798113,205.034695043,211.408513116,5.1441713226,0.999812943992
27,210.826975333,209.896793854,212.331457038,5.08798636565,0.999184365379
27.2,211.782001757,210.791175973,213.242485101,5.03061280329,0.998589823257
27.4,212.730209127,216.662737748,214.340145496,4.99174261495,0.998027949569
27.6,213.667953443,218.894255328,215.475266334,4.95631855051,0.997497407912
27.8,214.594842629,207.047620839,216.087190037,4.86884911818,0.996996893805
28,215.509279253,210.933691124,216.812634727,4.7933886617,0.996525134909
28.2,216.413594423,218.097856817,217.779250141,4.74239805143,0.996080891211
28.4,217.308476193,214.015007963,218.535747914,4.67075093792,0.995662955162
28.6,218.19145803,210.579319152,219.112448463,4.58189198617,0.99527015177
28.8,219.061881788,224.254281649,220.19086992,4.54377620159,0.99490133865
29,219.918450145,222.388300566,221.145287762,4.4934161516,0.994555406034
29.2,220.760056601,223.225944086,222.085317526,4.44197320021,0.99423127673
29.4,221.590339837,219.213111255,222.819661886,4.37052548508,0.993927906044
29.6,222.411429677,227.556121938,223.840802019,4.32842095189,0.993644281653
29.8,223.222636632,222.02283665,224.595006222,4.2601302484,0.993379423444
30,224.024198691,229.50637508,225.601588592,4.21782628223,0.993132383304
30.2,224.812708806,220.254383052,226.195391896,4.13492186742,0.992902244872
30.4,225.587411085,221.316733846,226.791807988,4.05356856055,0.99268812326
30.6,226.348508584,227.371824637,227.587735116,3.99338263027,0.992489164722
30.8,227.096615952,223.584955223,228.191577397,3.91503014366,0.992304546305
31,227.832059176,231.209314503,229.056832655,3.86407078002,0.992133475451
31.2,228.554189284,229.854628005,229.824877463,3.80430892961,0.991975189576
31.4,229.26097722,224.646121131,230.346260409,3.7210775418,0.991828955613
31.6,229.951397479,230.315725484,231.05423461,3.65806376733,0.991694069535
31.8,230.631514465,228.875126024,231.665611428,3.5866981546,0.991569855838
32,231.301609341,235.880773487,232.514728725,3.54053547703,0.991455667014
32.2,231.95628653,228.793521614,233.042972745,3.46342183066,0.991350882991
32.4,232.597594645,230.401729168,233.598897875,3.39078684243,0.991254910558
32.6,233.230498655,239.286683182,234.468214528,3.35110714866,0.991167182768
32.8,233.851468798,245.044435745,235.521970598,3.33092136986,0.991087158327
33,234.457337081,244.452380402,236.507169298,3.30464359654,0.99101432097
33.2,235.049821639,235.365936697,237.09170832,3.23928409696,0.990948178817
33.4,235.625902203,236.720175738,237.693970077,3.17744410627,0.990888263728
33.6,236.18840791,243.855701221,238.540963961,3.14178130393,0.99083413064
33.8,236.740919462,236.118745431,239.04407785,3.0730278691,0.990785356906
34,237.282225712,232.400480027,239.368306642,2.98837116432,0.990741541621
34.2,237.810994921,238.395372909,239.898982563,2.92668202721,0.990702304947
34.4,238.328129825,240.585713727,240.483030345,2.87225775128,0.990667287441
34.6,238.834202437,234.688454348,240.802272966,2.79319876857,0.990636149373
34.8,239.328173173,231.097017465,240.952912696,2.69965730451,0.990608570054
35,239.809069558,232.625421985,241.139757658,2.61244453754,0.990584247159
35.2,240.274920159,243.60206658,241.733430439,2.56854167008,0.990562896064
35.4,240.730796885,236.938914303,242.033945699,2.4971365388,0.990544249177
35.6,241.178311246,240.471575784,242.447690627,2.4394624963,0.990528055283
35.8,241.615578069,242.678371491,242.920822926,2.38990598934,0.99051407889
36,242.043755348,245.139459743,243.462551653,2.3492701256,0.990502099595
36.2,242.46159744,240.787083446,243.804519262,2.29057523256,0.990491911443
36.4,242.86838446,245.361962962,244.301431593,2.24970593775,0.990483322314
36.6,243.266495559,238.816194098,244.514238927,2.18242334858,0.990476153304
36.8,243.656587647,241.848017519,244.824861754,2.1275032634,0.990470238133
37,244.037350202,238.915272263,244.997783343,2.06117324608,0.990465422556
37.2,244.409691513,250.068527595,245.588962667,2.03932530946,0.990461563791
37.4,244.776534941,244.641118801,245.939901616,1.99521844522,0.990458529958
37.6,245.139471626,241.442934188,246.143231062,1.93860019787,0.990456199536
37.8,245.497195173,243.735336182,246.417793888,1.8916522932,0.990454460833
38,245.84750544,244.738863037,246.712080251,1.84905919325,0.990453211465
38.2,246.187167662,249.689766619,247.181050195,1.82627138273,0.990452357864
38.4,246.519508493,238.541327602,247.189922352,1.75939947358,0.990451814782
38.6,246.849531025,241.663501817,247.308258889,1.70634991976,0.990451504831
38.8,247.17536658,245.284830322,247.55400954,1.66866931854,0.990451358023
39,247.496483081,260.158012245,248.366650104,1.690054992,0.990451311331
39.2,247.815046852,252.593441315,248.854836117,1.68014959837,0.990451308268
39.4,248.131963192,247.574704797,249.125186545,1.65027145755,0.99045129848
39.6,248.447843067,252.007840979,249.553302555,1.63842860431,0.99045123735
39.8,248.760448043,259.047628891,250.238745109,1.65424259735,0.990451085626
40,249.071304256,nan,250.567745085,1.63575716383,1.01047457218
40.2,249.379172193,nan,250.893220025,1.61899223394,1.03089466793
40.4,249.683090963,nan,251.215515538,1.60396289498,1.0517034844
40.6,249.986890087,nan,251.534980094,1.59068267235,1.07289331678
40.8,250.290944376,nan,251.851964713,1.57916351734,1.09445665362
41,250.598377232,nan,252.166822645,1.56941579643,1.11638618384
41.2,250.910765472,nan,252.479909052,1.5614482819,1.13867480153
41.4,251.222417484,nan,252.791580695,1.55526814397,1.16131560878
41.6,251.527345065,nan,253.102195604,1.55088094436,1.18430191679
41.8,251.82983133,nan,253.412112761,1.54829063125,1.20762724563
42,252.131583207,nan,253.721691778,1.54749953574,1.23128532275
42.2,252.431302023,nan,254.031292569,1.54850836977,1.25527008052
42.4,252.733057151,nan,254.341275028,1.55131622546,1.27957565287
42.6,253.033945361,nan,254.651998708,1.55592057591,1.30419637139
42.8,253.32842612,nan,254.963822494,1.56231727754,1.32912676079
43,253.620663516,nan,255.277104279,1.57050057374,1.35436153398
43.2,253.915322864,nan,255.592200646,1.58046310009,1.37989558683
43.4,254.21174891,nan,255.909466545,1.592195891,1.40572399273
43.6,254.510282947,nan,256.229254973,1.60568838774,1.43184199697
43.8,254.810046279,nan,256.551916657,1.62092844797,1.45824501104
44,255.108282987,nan,256.877799737,1.63790235668,1.48492860688
44.2,255.406726036,nan,257.207249457,1.65659483849,1.51188851116
44.4,255.70680103,nan,257.540607848,1.67698907143,1.53912059962
44.6,256.005892829,nan,257.878213425,1.69906670207,1.56662089146
44.8,256.307290908,nan,258.220400881,1.72280786202,1.59438554381
45,256.614489999,nan,258.567500786,1.74819118585,1.62241084638
45.2,256.927617948,nan,258.919839288,1.77519383028,1.65069321617
45.4,257.245140394,nan,259.27773782,1.80379149474,1.67922919244
45.6,257.565244594,nan,259.641512814,1.83395844328,1.70801543171
45.8,257.888222194,nan,260.011475411,1.86566752768,1.73704870298
46,258.213921601,nan,260.387931185,1.8988902119,1.76632588315
46.2,258.545031447,nan,260.771179866,1.93359659776,1.79584395251
46.4,258.882052683,nan,261.161515071,1.96975545187,1.82559999053
46.6,259.225593867,nan,261.55922404,2.00733423369,1.85559117169
46.8,259.578181062,nan,261.964587376,2.04629912485,1.88581476155
47,259.943426174,nan,262.377878794,2.08661505959,1.91626811293
47.2,260.318130692,nan,262.799364876,2.12824575629,1.94694866233
47.4,260.700279307,nan,263.229304826,2.17115375012,1.97785392642
47.6,261.092730217,nan,263.667950244,2.2153004268,2.00898149869
47.8,261.493923323,nan,264.115544892,2.26064605728,2.04032904633
48,261.901373582,nan,264.572324481,2.30714983357,2.07189430713
48.2,262.31441611,nan,265.038516455,2.3547699054,2.10367508657
48.4,262.737656005,nan,265.514339788,2.40346341792,2.1356692551
48.6,263.172059001,nan,266.000004784,2.45318655026,2.16787474542
48.8,263.616502263,nan,266.495712895,2.50389455496,2.20028955001
49,264.070761725,nan,267.00165653,2.55554179824,2.23291171865
49.2,264.537167618,nan,267.51801889,2.60808180105,2.26573935616
49.4,265.016432254,nan,268.044973798,2.66146728095,2.29877062018
49.6,265.502009952,nan,268.582685546,2.71565019461,2.33200371906
49.8,265.992714124,nan,269.131308744,2.77058178106,2.36543690987
50,266.489152799,266.208515027,269.039284969,2.78039840579,2.16297274409
50.2,266.986342086,266.641964537,269.12342069,2.80333604061,2.00869902361
50.4,267.487284118,266.031148459,269.169035029,2.82406017296,1.88634745294
50.6,268.001263477,268.461072973,269.576384203,2.87020325305,1.78642229502
50.8,268.529538935,266.353464427,269.715085236,2.89772041093,1.70296270784
51,269.0671922,268.648281353,270.124443865,2.94397540252,1.63201505593
51.2,269.612331085,264.189335542,270.074614316,2.95841947115,1.57084127146
51.4,270.169634824,268.3013163,270.453825855,3.00249198184,1.51747790378
51.6,270.741362378,282.144144728,272.018929133,3.12791574248,1.47047595724
51.8,271.325400166,270.977430026,272.513866148,3.17809123849,1.42874000749
52,271.921366949,270.728064125,272.967479364,3.22485056871,1.39142473756
52.2,272.529273722,275.191145118,273.734430863,3.29283790485,1.35786615743
52.4,273.150857643,276.691466751,274.560601918,3.36412992883,1.32753456061
52.6,273.787155675,268.218311379,274.764799198,3.39071389036,1.30000154391
52.8,274.436986251,273.401192337,275.315800883,3.44123867745,1.27491638058
53,275.097145538,279.688524742,276.24067327,3.51757548675,1.25198876783
53.2,275.768200597,277.117388743,276.960296768,3.57802859472,1.23097601284
53.4,276.450834164,277.060604382,277.645371291,3.63490480834,1.21167336945
53.6,277.146166472,284.916254815,278.751052006,3.72147436392,1.19390665058
53.8,277.852967983,274.464104185,279.221869792,3.75978918077,1.17752651
54,278.568709193,278.982438668,279.925789517,3.81437210809,1.1624039665
54.2,279.295840334,276.695547008,280.483517913,3.85666348748,1.14842686444
54.4,280.031899696,287.483440841,281.581559964,3.93883067804,1.13549704887
54.6,280.780247843,271.020945847,281.801749069,3.95193495806,1.12352809164
54.8,281.546346441,278.195637963,282.379888108,3.99163763312,1.11244344692
55,282.325705693,279.679920863,283.013558271,4.03428606323,1.10217494442
55.2,283.116819404,286.43451752,283.950526773,4.09953403103,1.09266155049
55.4,283.921233245,286.952610626,284.878179066,4.16237879848,1.08384834356
55.6,284.732027908,291.707999209,285.99337338,4.23873725271,1.07568566231
55.8,285.548788324,277.678624112,286.428044857,4.25750598658,1.06812839392
56,286.376450791,290.128825836,287.41286225,4.32029881073,1.06113537692
56.2,287.214503341,285.74810402,288.169306614,4.36214525055,1.05466889797
56.4,288.060727999,284.732601812,288.856985677,4.39643137835,1.04869426655
56.6,288.914223575,291.612066242,289.82264015,4.45269394161,1.04317945407
56.8,289.776582278,285.175884364,290.4791091,4.48038600905,1.03809478699
57,290.650505183,280.265938706,290.905141314,4.48628858551,1.03341268492
57.2,291.536795265,289.68570282,291.717139874,4.52444879316,1.02910743685
57.4,292.432834441,284.943980182,292.303560324,4.54073362859,1.02515500927
57.6,293.340772828,290.096193723,293.085845078,4.57276274609,1.02153288146
57.8,294.259264108,296.117037927,294.092240715,4.62304796393,1.01821990374
58,295.184216802,296.74421553,295.092002116,4.67060113311,1.01519617524
58.2,296.112845702,304.047342947,296.358820165,4.74043370444,1.01244293827
58.4,297.048798409,296.050524674,297.259331891,4.77411091118,1.00994248687
58.6,297.997360588,290.330702635,297.897506011,4.78140913617,1.00767808737
58.8,298.956944426,295.176460143,298.708446708,4.80308389317,1.00563390925
59,299.926669226,295.329748103,299.497444947,4.8207474218,1.00379496473
59.2,300.904625488,294.815499696,300.237910657,4.83190394348,1.00214705583
59.4,301.889604285,304.06644026,301.321917228,4.87389102873,1.00067672773
59.6,302.880573465,299.654411775,302.193972994,4.89332308634,0.999371227513
59.8,303.876381552,293.989517469,302.809305068,4.88607732909,0.998218467462
60,304.877322694,308.36193671,303.971047017,4.9300106447,0.997206992197
60.2,305.886504391,305.329371547,304.974207337,4.95616359634,0.996325949046
60.4,306.904601453,308.688787844,306.075626011,4.98976024707,0.995565061141
60.6,307.92814104,308.456748764,307.130399304,5.01651946788,0.994914602793
60.8,308.954516732,312.112790403,308.292971475,5.05169657748,0.994365376765
61,309.982235488,310.172329223,309.339378684,5.07308248307,0.993908693133
61.2,311.015318144,317.196330561,310.625725632,5.11610285511,0.993536349449
61.4,312.05570163,314.18061558,311.750245269,5.14055927796,0.993240612004
61.6,313.09996642,315.060304536,312.869592521,5.16230720622,0.993014197976
61.8,314.1460551,316.195389688,313.993539243,5.18235787291,0.992850258321
62,315.191260643,307.90807193,314.750141834,5.16349315757,0.992742361287
62.2,316.235786047,315.412607288,315.768964315,5.1694929484,0.992684476423
62.4,317.283239588,315.98665714,316.771236917,5.17193351237,0.992670959027
62.6,318.332611583,319.370345189,317.867674676,5.18203055809,0.992696534955
62.8,319.38134104,312.587870219,318.655279735,5.15898297819,0.992756285747
63,320.429411237,328.599985121,320.038537171,5.19479751135,0.992845634034
63.2,321.477135905,321.999079225,321.113697442,5.19696456112,0.992960329199
63.4,322.52141126,316.464823556,321.928372285,5.17090762877,0.993096433284
63.6,323.561187919,315.016753101,322.64850728,5.13398271592,0.993250307131
63.8,324.597584473,323.191148004,323.655529092,5.12514601306,0.993418596749
64,325.63248333,325.184106265,324.699609166,5.11848844019,0.993598219925
64.2,326.665695926,323.074235496,325.617652099,5.09738547439,0.993786353071
64.4,327.696252751,328.15682189,326.696012886,5.09127775019,0.993980418325
64.6,328.728391483,325.522512646,327.626272983,5.06847325376,0.994178070914
64.8,329.759980802,332.518272061,328.79184962,5.06838372617,0.994377186789
65,330.786421322,327.16371223,329.699320418,5.0402779568,0.994575850557
65.2,331.808378724,331.615877599,330.741495889,5.02478131223,0.994772343695
65.4,332.826711027,337.720906894,331.981025795,5.02804849988,0.9949651331
65.6,333.838710658,346.697055073,333.527583379,5.06090466528,0.995152859941
65.8,334.844969947,329.806753984,334.349881945,5.01758105808,0.995334328862
66,335.851177799,333.528638949,335.278580471,4.9843744265,0.995508497519
66.2,336.855571294,332.656392805,336.129306141,4.94229787653,0.995674466476
66.4,337.853393586,341.775035195,337.299717798,4.93210664823,0.995831469457
66.6,338.842756059,333.102259531,338.077509431,4.88054795817,0.995978863961
66.8,339.824393033,337.402607805,338.985004492,4.84174608343,0.996116122248
67,340.797596456,340.64959004,339.977763686,4.81093447225,0.996242822692
67.2,341.759216244,336.865823547,340.774797948,4.75935324605,0.996358641512
67.4,342.714013829,337.927388618,341.572259633,4.70744296471,0.996463344859
67.6,343.662106761,341.283992321,342.461249921,4.66451522734,0.996556781289
67.8,344.602819722,334.10061852,343.021127949,4.58761556399,0.996638874584
68,345.540740594,338.313349508,343.711210189,4.52421048122,0.996709616949
68.2,346.473960776,344.408790337,344.603782931,4.48139763393,0.996769062549
68.4,347.400281239,348.14143442,345.600891905,4.44882319202,0.996817321409
68.6,348.322838406,347.394038476,346.522293011,4.40800126089,0.996854553641
68.8,349.239890509,340.370047035,347.119905906,4.33396284962,0.996880964017
69,350.146113621,347.827182162,347.975861398,4.28651748517,0.996896796856
69.2,351.038969645,355.031157848,349.074949035,4.26359744955,0.996902331232
69.4,351.919511443,354.698839003,350.1126292,4.23385475582,0.996897876484
69.6,352.793195923,352.399456616,351.011842366,4.18967039582,0.996883768021
69.8,353.661659927,349.224810552,351.740541129,4.12815002725,0.996860363414
70,354.519871138,357.675952992,352.764283901,4.09682294883,0.996828038756
70.2,355.364019024,352.469374118,353.53429505,4.03958286221,0.996787185293
70.4,356.19480826,350.348566248,354.178357899,3.96994510727,0.996738206293
70.6,357.014372539,353.003441363,354.888888915,3.90766353662,0.996681514172
70.8,357.823157708,365.064884167,356.038368088,3.89025131609,0.996617527836
71,358.620866123,359.721766314,356.926470955,3.84610719694,0.996546670249
71.2,359.408369856,365.204605122,357.988510683,3.81977098406,0.996469366206
71.4,360.184520525,357.787838958,358.708681021,3.75889317767,0.996386040304
71.6,360.948532588,365.639279284,359.700257052,3.72607811932,0.9962971151
71.8,361.701315378,358.69379516,360.370361988,3.66104327766,0.996203009443
72,362.442690309,361.655553464,361.11890205,3.60479731573,0.996104136979
72.2,363.17317073,375.60492203,362.380416845,3.60095722548,0.996000904806
72.4,363.896596384,367.732339546,363.278675961,3.56029395563,0.995893712279
72.6,364.613084848,362.107232971,363.910319619,3.49335290761,0.995782949957
72.8,365.31895734,364.894862145,364.614596252,3.43485071764,0.995668998677
73,366.00961975,367.640736854,365.388557054,3.38436786537,0.995552228747
73.2,366.685709193,372.73799714,366.324144761,3.35102947346,0.995432999256
73.4,367.34668815,364.901022692,366.90563929,3.28272829278,0.995311657491
73.6,367.988957035,359.282361612,367.228409688,3.18982043779,0.995188538447
73.8,368.618123674,367.219914608,367.835013376,3.12733326658,0.995063964431
74,369.238434592,369.315361878,368.488583532,3.07092007736,0.994938244754
74.2,369.847907396,370.39559724,369.148214424,3.01640493724,0.994811675492
74.4,370.441747114,377.025197795,370.033648124,2.98584083884,0.994684539327
74.6,371.019559166,372.602994558,370.703162128,2.93449746341,0.994557105448
74.8,371.583465017,375.648049875,371.45679042,2.89293107556,0.99442962952
75,372.135550588,366.629982118,371.815999468,2.81303686864,0.994302353696
75.2,372.681768921,377.021276363,372.556579355,2.77338168686,0.994175506692
75.4,373.22137079,383.702469948,373.524345943,2.75774845506,0.994049303899
75.6,373.748383115,377.612929566,374.210182542,2.71471012332,0.99392394754
75.8,374.260142253,375.527920853,374.778308782,2.66132110838,0.993799626859
76,374.758216175,375.528157117,375.313802895,2.60636042859,0.993676518352
76.2,375.244724045,384.18043524,376.15930208,2.58420542059,0.993554786018
76.4,375.717616647,371.08170923,376.450066731,2.50769868003,0.993434581641
76.6,376.177631776,375.622119986,376.893982776,2.4488248974,0.993316045091
76.8,376.624931866,378.925969831,377.439527383,2.4021192777,0.99319930465
77,377.061679227,380.781684766,378.027854037,2.36149577975,0.993084477352
77.2,377.492481215,375.305841687,378.369270449,2.2979031041,0.992971669331
77.4,377.917472615,379.454079589,378.848697548,2.2503465947,0.992860976194
77.6,378.333778615,376.944171208,379.201233936,2.19205766978,0.992752483391
77.8,378.740466258,379.342821922,379.623338893,2.14294014962,0.992646266599
78,379.138435739,378.477978037,379.985402773,2.08989389218,0.992542392108
78.2,379.526105161,373.818136772,380.139547202,2.01825696869,0.992440917217
78.4,379.903293472,379.797725547,380.509556758,1.97080633632,0.992341890619
78.6,380.268420087,384.654177697,381.047258625,1.94227970766,0.992245352804
78.8,380.619524696,375.784433239,381.209159159,1.87801480043,0.992151336443
79,380.961052168,379.755593424,381.508839171,1.8300954299,0.992059866785
79.2,381.295772016,384.619672338,381.979110006,1.80150851879,0.991970962039
79.4,381.62279993,376.273474396,382.097043656,1.73964439315,0.99188463376
79.6,381.944800237,382.857991924,382.457706103,1.70466796115,0.991800887224
79.8,382.258158976,376.957509881,382.565468898,1.64654770444,0.991719721799
80,382.559596081,388.232748585,383.101505302,1.63384204731,0.99164113131
80.2,382.853226299,394.417333208,383.857359217,1.64484262777,0.991565104393
80.4,383.14170582,393.252982241,384.539903225,1.6498155282,0.991491624844
80.6,383.424239225,382.328335836,384.767146372,1.61074273623,0.991420671958
80.8,383.702415459,387.403411102,385.177622349,1.59232923779,0.991352220857
81,383.977729332,384.582717974,385.457698966,1.56285081996,0.991286242812
81.2,384.2460204,384.756549881,385.72809776,1.53461325973,0.991222705551
81.4,384.505335539,392.244120844,386.276841409,1.5363898889,0.991161573561
81.6,384.760045868,378.164147987,386.251275994,1.4824119572,0.991102808374
81.8,385.013277906,390.289750893,386.692921661,1.47787107731,0.991046368847
82,385.259963534,385.015083558,386.909291595,1.45260970063,0.990992211432
82.2,385.502214768,392.544917871,387.408243895,1.45779825383,0.990940290428
82.4,385.745373035,386.68153988,387.658461813,1.43975752942,0.990890558233
82.6,385.989779536,382.626419563,387.736311783,1.40659379887,0.990842965574
82.8,386.233823121,387.619525004,388.000986651,1.39450855038,0.990797461734
83,386.474580054,390.154415529,388.352648575,1.39311501177,0.990753994766
83.2,386.710920922,386.889739292,388.562228936,1.37931953589,0.990712511696
83.4,386.948868505,389.389059888,388.85922507,1.37630697814,0.990672958713
83.6,387.190683415,384.582307537,388.955468955,1.35507265377,0.990635281356
83.8,387.434826234,376.765406729,388.737215675,1.30461725233,0.990599424682
84,387.680713104,392.180831023,389.123076844,1.31731724225,0.99056533343
84.2,387.925856587,391.421655268,389.466604686,1.32731506027,0.990532952172
84.4,388.168568304,388.909460227,389.700152013,1.32790281935,0.990502225457
84.6,388.408114056,388.750166867,389.918570924,1.32874340446,0.990473097945
84.8,388.650162428,393.831641275,390.328148783,1.35044166258,0.99044551453
85,388.893332865,386.607799238,390.442545535,1.34397235428,0.990419420454
85.2,389.138158019,385.605487692,390.512063114,1.3349035662,0.990394761419
85.4,389.388169747,388.4454204,390.688709925,1.33846898242,0.99037148368
85.6,389.639487457,395.5849734,391.139380899,1.37108500377,0.990349534141
85.8,389.890782794,382.955218273,391.083333003,1.35412858974,0.990328860435
86,390.143572084,396.102722047,391.542161321,1.39067858142,0.990309410999
86.2,390.399102964,387.202838693,391.641055488,1.39221575938,0.990291135145
86.4,390.657561375,385.153843877,391.656161382,1.38702188617,0.99027398312
86.6,390.917728192,397.218037372,392.143057131,1.43074364617,0.990257906163
86.8,391.180398943,390.69594847,392.363591585,1.44860296321,0.990242856551
87,391.445502555,384.944330733,392.353475821,1.44466332365,0.990228787645
87.2,391.711392691,389.917727395,392.538224092,1.46187002602,0.990215653926
87.4,391.980345442,396.635607596,392.982663422,1.50625638143,0.990203411026
87.6,392.257019111,398.217390074,393.480383458,1.55662040677,0.990192015757
87.8,392.538759363,390.403265953,393.661946788,1.57588449596,0.990181426131
88,392.824109797,394.855713593,394.014852106,1.61337365138,0.990171601379
88.2,393.115125582,396.685548744,394.433022034,1.65808939674,0.990162501963
88.4,393.410135485,390.187003016,394.588673309,1.67708738829,0.990154089584
88.6,393.712429845,395.48761022,394.949875096,1.71764151961,0.99014632719
88.8,394.023203387,393.863813813,395.241158876,1.75174785613,0.990139178978
89,394.344015585,391.663893533,395.441433713,1.77739112808,0.990132610387
89.2,394.674605577,392.2138659,395.66047533,1.80567862668,0.9901265881
89.4,395.013004733,395.348177143,395.999393004,1.84662844143,0.990121080034
89.6,395.360565401,395.509832836,396.339345632,1.88806725751,0.990116055328
89.8,395.715245808,392.887796041,396.571226371,1.91903682648,0.990111484332
90,396.078906974,393.949181432,396.841695388,1.95436850844,0.990107338594
90.2,396.452969698,402.01965589,397.424914915,2.02134462604,0.990103590839
90.4,396.837679191,397.906814867,397.836962289,2.07090572558,0.990100214956
90.6,397.2334562,401.658928033,398.389599365,2.13452720546,0.990097185972
90.8,397.637119075,403.646230235,399.010808594,2.20468263337,0.990094480033
91,398.048745532,400.99295683,399.517188864,2.26285808861,0.990092074381
91.2,398.470789076,409.825220643,400.361298233,2.35449673322,0.99008994733
91.4,398.905539272,394.779019114,400.600019278,2.38458158991,0.99008807824
91.6,399.351238555,403.39328652,401.173008411,2.4482504296,0.990086447488
91.8,399.806040462,398.215320596,401.532801856,2.49004240321,0.990085036448
92,400.268453003,409.54736932,402.330919926,2.57549162698,0.990083827456
92.2,400.739987036,409.242187642,403.102255781,2.65716885709,0.990082803787
92.4,401.222042426,391.450986516,403.161494701,2.66657268247,0.990081949624
92.6,401.709812303,396.86548109,403.432573032,2.69748387866,0.990081250028
92.8,402.205439691,405.527004245,404.038628939,2.76173420896,0.990080690915
93,402.714836742,406.664172792,404.67789591,2.82843055334,0.990080259018
93.2,403.235150552,406.917971633,405.314899451,2.89392454976,0.990079941868
93.4,403.762060658,403.407734017,405.801903152,2.94341477671,0.990079727754
93.6,404.297185741,406.572789864,406.403448561,3.00362134703,0.990079605704
93.8,404.84048853,408.105595709,407.0530975,3.06763345182,0.99007956545
94,405.394249351,405.004893004,407.56800864,3.11703834206,0.990079597402
94.2,405.95913662,411.095646462,408.311052835,3.18836059267,0.99007969262
94.4,406.532961827,395.235475582,408.416788596,3.19456707117,0.990079842787
94.6,407.118508897,410.287476495,409.109763541,3.25935760711,0.990080040177
94.8,407.715701613,402.545438551,409.484442106,3.29095614905,0.990080277635
95,408.324219915,413.117608955,410.265028231,3.36239170239,0.990080548547
95.2,408.943602282,407.800180157,410.820218818,3.4096854729,0.990080846812
95.4,409.570518348,405.126581992,411.257872959,3.44405278476,0.990081166823
95.6,410.203188747,412.072699531,411.957303513,3.50362980539,0.990081503437
95.8,410.847698262,406.291030772,412.414022939,3.53741186938,0.990081851953
96,411.507004762,406.943165274,412.884858627,3.57154477934,0.990082208088
96.2,412.177790657,404.341318878,413.241729102,3.59316155935,0.990082567956
96.4,412.860540847,412.727002073,413.917520024,3.64574882831,0.990082928045
96.6,413.554983482,416.039101091,414.706734784,3.7080866721,0.990083285193
96.8,414.261165842,419.376295773,415.607778856,3.77976994513,0.990083636574
97,414.982460054,414.273820746,416.287133457,3.82721015593,0.990083979669
97.2,415.716554435,420.955830477,417.21090519,3.89745259926,0.990084312256
97.4,416.456373214,416.546178089,417.938975599,3.94598101935,0.990084632384
97.6,417.201816086,416.735373681,418.655164977,3.99156317409,0.99008493836
97.8,417.953164636,420.820979376,419.512149563,4.04947781075,0.99008522873
98,418.713763246,424.005727127,420.471450719,4.11558362669,0.990085502262
98.2,419.487739245,417.780566973,421.161656208,4.15253006654,0.990085757931
98.4,420.271484018,419.052675908,421.881683626,4.19074643336,0.990085994904
98.6,421.060374829,420.256217806,422.627914809,4.2298011824,0.990086212524
98.8,421.855414747,422.269260382,423.431220398,4.27272113989,0.9900864103
99,422.661948244,418.159907196,424.050036713,4.29523057538,0.990086587888
99.2,423.474818653,428.614848953,425.058750236,4.35513388096,0.990086745085
99.4,424.29206158,422.290013421,425.79130472,4.38503830063,0.990086881811
99.6,425.116921197,427.429138481,426.702272227,4.43096080277,0.990086998104
99.8,425.95017368,421.822810819,427.366392531,4.45001756579,0.990087094102
100,426.791555774,428.585575538,428.273181882,4.49165940043,0.990087170039
