time_s,temperature_k,analytic_temperature_k,heat_flow_w
0,90,90,150
24,90.0179946011,90.0179946011,149.910026995
48,90.0359784086,90.0359784086,149.820107957
72,90.0539514291,90.0539514291,149.730242854
96,90.0719136691,90.0719136691,149.640431655
120,90.0898651349,90.0898651349,149.550674326
144,90.1078058331,90.1078058331,149.460970835
168,90.1257357701,90.1257357701,149.37132115
192,90.1436549523,90.1436549523,149.281725239
216,90.1615633863,90.1615633863,149.192183069
240,90.1794610784,90.1794610784,149.102694608
264,90.1973480351,90.1973480351,149.013259824
288,90.2152242629,90.2152242629,148.923878686
312,90.2330897681,90.2330897681,148.834551159
336,90.2509445573,90.2509445573,148.745277213
360,90.2687886368,90.2687886368,148.656056816
384,90.2866220131,90.2866220131,148.566889935
408,90.3044446925,90.3044446925,148.477776537
432,90.3222566816,90.3222566816,148.388716592
456,90.3400579867,90.3400579867,148.299710067
480,90.3578486141,90.3578486141,148.210756929
504,90.3756285705,90.3756285705,148.121857148
528,90.3933978621,90.393397862,148.03301069
552,90.4111564953,90.4111564952,147.944217524
576,90.4289044765,90.4289044763,147.855477617
600,90.4466418122,90.4466418119,147.766790939
624,90.4643685086,90.4643685083,147.678157457
648,90.4820845723,90.4820845718,147.589577139
672,90.4997900095,90.4997900089,147.501049953
696,90.5174848266,90.5174848259,147.412575867
720,90.53516903,90.5351690293,147.32415485
744,90.5528426261,90.5528426252,147.23578687
768,90.5705056212,90.5705056202,147.147471894
792,90.5881580217,90.5881580206,147.059209892
816,90.6057998339,90.6057998327,146.971000831
840,90.6234310642,90.6234310629,146.882844679
864,90.6410517189,90.6410517176,146.794741405
888,90.6586618044,90.658661803,146.706690978
912,90.676261327,90.6762613255,146.618693365
936,90.6938502931,90.6938502915,146.530748534
960,90.711428709,90.7114287073,146.442856455
984,90.7289965809,90.7289965791,146.355017095
1008,90.7465539153,90.7465539135,146.267230423
1032,90.7641007185,90.7641007166,146.179496408
1056,90.7816369967,90.7816369947,146.091815017
1080,90.7991627563,90.7991627543,146.004186219
1104,90.8166780036,90.8166780015,145.916609982
1128,90.8341827449,90.8341827428,145.829086276
1152,90.8516769864,90.8516769843,145.741615068
1176,90.8691607346,90.8691607325,145.654196327
1200,90.8866339957,90.8866339935,145.566830022
1224,90.9040967759,90.9040967738,145.47951612
1248,90.9215490817,90.9215490795,145.392254592
1272,90.9389909191,90.938990917,145.305045404
1296,90.9564222946,90.9564222925,145.217888527
1320,90.9738432144,90.9738432123,145.130783928
1344,90.9912536848,90.9912536827,145.043731576
1368,91.008653712,91.00865371,144.95673144
1392,91.0260433024,91.0260433004,144.869783488
1416,91.0434224621,91.0434224601,144.78288769
1440,91.0607911974,91.0607911955,144.696044013
1464,91.0781495146,91.0781495128,144.609252427
1488,91.0954974199,91.0954974182,144.5225129
1512,91.1128349197,91.112834918,144.435825402
1536,91.13016202,91.1301620184,144.3491899
1560,91.1474787272,91.1474787256,144.262606364
1584,91.1647850475,91.164785046,144.176074763
1608,91.182080987,91.1820809856,144.089595065
1632,91.1993665522,91.1993665509,144.003167239
1656,91.2166417491,91.2166417478,143.916791254
1680,91.233906584,91.2339065828,143.83046708
1704,91.2511610631,91.251161062,143.744194684
1728,91.2684051926,91.2684051916,143.657974037
1752,91.2856389788,91.2856389779,143.571805106
1776,91.3028624278,91.3028624269,143.485687861
1800,91.3200755458,91.320075545,143.399622271
1824,91.337278339,91.3372783383,143.313608305
1848,91.3544708137,91.3544708131,143.227645932
1872,91.371652976,91.3716529754,143.14173512
1896,91.388824832,91.3888248316,143.05587584
1920,91.4059863881,91.4059863877,142.970068059
1944,91.4231376503,91.4231376499,142.884311748
1968,91.4402786249,91.4402786246,142.798606876
1992,91.4574093179,91.4574093177,142.71295341
2016,91.4745297356,91.4745297354,142.627351322
2040,91.4916398842,91.491639884,142.541800579
2064,91.5087397697,91.5087397696,142.456301151
2088,91.5258293984,91.5258293984,142.370853008
2112,91.5429087764,91.5429087764,142.285456118
2136,91.5599779099,91.5599779099,142.200110451
2160,91.5770368049,91.5770368049,142.114815975
2184,91.5940854677,91.5940854678,142.029572661
2208,91.6111239044,91.6111239044,141.944380478
2232,91.628152121,91.6281521211,141.859239395
2256,91.6451701239,91.6451701239,141.774149381
2280,91.6621779189,91.662177919,141.689110405
2304,91.6791755124,91.6791755125,141.604122438
2328,91.6961629103,91.6961629104,141.519185448
2352,91.7131401189,91.713140119,141.434299405
2376,91.7301071443,91.7301071443,141.349464279
2400,91.7470639925,91.7470639925,141.264680038
2424,91.7640106696,91.7640106696,141.179946652
2448,91.7809471818,91.7809471817,141.095264091
2472,91.7978735352,91.797873535,141.010632324
2496,91.8147897358,91.8147897355,140.926051321
2520,91.8316957897,91.8316957893,140.841521052
2544,91.848591703,91.8485917026,140.757041485
2568,91.8654774819,91.8654774813,140.672612591
2592,91.8823531323,91.8823531316,140.588234339
2616,91.8992186603,91.8992186596,140.503906698
2640,91.9160740721,91.9160740713,140.41962964
2664,91.9329193737,91.9329193727,140.335403132
2688,91.9497545711,91.94975457,140.251227145
2712,91.9665796704,91.9665796692,140.167101648
2736,91.9833946777,91.9833946764,140.083026612
2760,92.000199599,92.0001995977,139.999002005
2784,92.0169944404,92.0169944389,139.915027798
2808,92.0337792078,92.0337792063,139.831103961
2832,92.0505539075,92.0505539059,139.747230463
2856,92.0673185453,92.0673185437,139.663407273
2880,92.0840731274,92.0840731257,139.579634363
2904,92.1008176597,92.1008176579,139.495911702
2928,92.1175521483,92.1175521465,139.412239258
2952,92.1342765992,92.1342765974,139.328617004
2976,92.1509910185,92.1509910166,139.245044908
3000,92.1676954121,92.1676954101,139.16152294
3024,92.184389786,92.1843897841,139.07805107
3048,92.2010741464,92.2010741444,138.994629268
3072,92.2177484991,92.2177484971,138.911257505
3096,92.2344128502,92.2344128482,138.827935749
3120,92.2510672057,92.2510672037,138.744663972
3144,92.2677115715,92.2677115696,138.661442142
3168,92.2843459538,92.2843459518,138.578270231
3192,92.3009703583,92.3009703564,138.495148208
3216,92.3175847913,92.3175847894,138.412076044
3240,92.3341892585,92.3341892567,138.329053707
3264,92.3507837661,92.3507837643,138.24608117
3288,92.3673683199,92.3673683181,138.1631584
3312,92.383942926,92.3839429243,138.08028537
3336,92.4005075903,92.4005075886,137.997462049
3360,92.4170623188,92.4170623171,137.914688406
3384,92.4336071174,92.4336071158,137.831964413
3408,92.4501419921,92.4501419906,137.74929004
3432,92.4666669488,92.4666669474,137.666665256
3456,92.4831819936,92.4831819922,137.584090032
3480,92.4996871323,92.499687131,137.501564339
3504,92.5161823709,92.5161823697,137.419088146
3528,92.5326677153,92.5326677141,137.336661424
3552,92.5491431714,92.5491431704,137.254284143
3576,92.5656087453,92.5656087443,137.171956274
3600,92.5820644428,92.5820644419,137.089677786
3624,92.5985102698,92.598510269,137.007448651
3648,92.6149462323,92.6149462315,136.925268839
3672,92.6313723361,92.6313723355,136.843138319
3696,92.6477885873,92.6477885867,136.761057064
3720,92.6641949916,92.6641949911,136.679025042
3744,92.6805915551,92.6805915547,136.597042224
3768,92.6969782836,92.6969782832,136.515108582
3792,92.713355183,92.7133551827,136.433224085
3816,92.7297222592,92.729722259,136.351388704
3840,92.7460795181,92.7460795179,136.269602409
3864,92.7624269657,92.7624269655,136.187865172
3888,92.7787646076,92.7787646075,136.106176962
3912,92.79509245,92.7950924499,136.02453775
3936,92.8114104986,92.8114104986,135.942947507
3960,92.8277187593,92.8277187593,135.861406204
3984,92.844017238,92.844017238,135.77991381
4008,92.8603059405,92.8603059406,135.698470298
4032,92.8765848727,92.8765848728,135.617075636
4056,92.8928540405,92.8928540407,135.535729797
4080,92.9091134498,92.9091134499,135.454432751
4104,92.9253631063,92.9253631065,135.373184468
4128,92.941603016,92.9416030162,135.29198492
4152,92.9578331846,92.9578331848,135.210834077
4176,92.9740536181,92.9740536183,135.129731909
4200,92.9902643222,92.9902643224,135.048678389
4224,93.0064653029,93.006465303,134.967673486
4248,93.0226565659,93.022656566,134.886717171
4272,93.038838117,93.0388381171,134.805809415
4296,93.0550099622,93.0550099622,134.724950189
4320,93.0711721071,93.0711721071,134.644139464
4344,93.0873245577,93.0873245576,134.563377211
4368,93.1034673197,93.1034673196,134.482663401
4392,93.119600399,93.1196003988,134.401998005
4416,93.1357238014,93.135723801,134.321380993
4440,93.1518375326,93.1518375321,134.240812337
4464,93.1679415985,93.1679415979,134.160292008
4488,93.1840360048,93.1840360041,134.079819976
4512,93.2001207574,93.2001207566,133.999396213
4536,93.216195862,93.2161958612,133.91902069
4560,93.2322613245,93.2322613235,133.838693378
4584,93.2483171506,93.2483171495,133.758414247
4608,93.264363346,93.2643633449,133.67818327
4632,93.2803999167,93.2803999154,133.598000417
4656,93.2964268682,93.2964268669,133.517865659
4680,93.3124442065,93.3124442051,133.437778967
4704,93.3284519373,93.3284519358,133.357740314
4728,93.3444500663,93.3444500647,133.277749669
4752,93.3604385993,93.3604385976,133.197807004
4776,93.376417542,93.3764175403,133.11791229
4800,93.3923869002,93.3923868985,133.038065499
4824,93.4083466797,93.4083466779,132.958266601
4848,93.4242968862,93.4242968844,132.878515569
4872,93.4402375255,93.4402375236,132.798812373
4896,93.4561686032,93.4561686013,132.719156984
4920,93.4720901251,93.4720901232,132.639549375
4944,93.488002097,93.488002095,132.559989515
4968,93.5039045245,93.5039045226,132.480477377
4992,93.5197974134,93.5197974115,132.401012933
5016,93.5356807695,93.5356807676,132.321596152
5040,93.5515545984,93.5515545965,132.242227008
5064,93.5674189059,93.567418904,132.162905471
5088,93.5832736976,93.5832736957,132.083631512
5112,93.5991189793,93.5991189774,132.004405104
5136,93.6149547566,93.6149547548,131.925226217
5160,93.6307810354,93.6307810336,131.846094823
5184,93.6465978212,93.6465978195,131.767010894
5208,93.6624051198,93.6624051181,131.687974401
5232,93.6782029368,93.6782029353,131.608985316
5256,93.6939912781,93.6939912765,131.53004361
5280,93.7097701491,93.7097701476,131.451149255
5304,93.7255395556,93.7255395542,131.372302222
5328,93.7412995034,93.741299502,131.293502483
5352,93.757049998,93.7570499967,131.21475001
5376,93.7727910451,93.7727910439,131.136044774
5400,93.7885226505,93.7885226494,131.057386748
5424,93.8042448197,93.8042448186,130.978775902
5448,93.8199575584,93.8199575575,130.900212208
5472,93.8356608723,93.8356608715,130.821695638
5496,93.8513547671,93.8513547663,130.743226165
5520,93.8670392483,93.8670392476,130.664803758
5544,93.8827143217,93.8827143211,130.586428391
5568,93.8983799929,93.8983799923,130.508100036
5592,93.9140362675,93.914036267,130.429818663
5616,93.9296831511,93.9296831507,130.351584244
5640,93.9453206494,93.9453206491,130.273396753
5664,93.9609487681,93.9609487678,130.19525616
5688,93.9765675127,93.9765675124,130.117162437
5712,93.9921768888,93.9921768886,130.039115556
5736,94.0077769021,94.007776902,129.961115489
5760,94.0233675583,94.0233675582,129.883162209
5784,94.0389488628,94.0389488628,129.805255686
5808,94.0545208214,94.0545208215,129.727395893
5832,94.0700834396,94.0700834397,129.649582802
5856,94.0856367231,94.0856367232,129.571816385
5880,94.1011806774,94.1011806775,129.494096613
5904,94.1167153081,94.1167153082,129.41642346
5928,94.1322406208,94.132240621,129.338796896
5952,94.1477566212,94.1477566214,129.261216894
5976,94.1632633147,94.1632633149,129.183683426
6000,94.178760707,94.1787607072,129.106196465
6024,94.1942488037,94.1942488039,129.028755982
6048,94.2097276103,94.2097276105,128.951361949
6072,94.2251971324,94.2251971327,128.874014338
6096,94.2406573756,94.2406573758,128.796713122
6120,94.2561083454,94.2561083457,128.719458273
6144,94.2715500474,94.2715500477,128.642249763
6168,94.2869824872,94.2869824875,128.565087564
6192,94.3024056703,94.3024056705,128.487971648
6216,94.3178196023,94.3178196025,128.410901989
6240,94.3332242887,94.3332242889,128.333878557
6264,94.348619735,94.3486197352,128.256901325
6288,94.3640059469,94.364005947,128.179970266
6312,94.3793829297,94.3793829299,128.103085351
6336,94.3947506892,94.3947506894,128.026246554
6360,94.4101092308,94.4101092309,127.949453846
6384,94.42545856,94.4254585601,127.8727072
6408,94.4407986824,94.4407986825,127.796006588
6432,94.4561296034,94.4561296035,127.719351983
6456,94.4714513287,94.4714513288,127.642743357
6480,94.4867638637,94.4867638638,127.566180682
6504,94.5020672139,94.502067214,127.489663931
6528,94.5173613849,94.517361385,127.413193076
6552,94.5326463821,94.5326463822,127.33676809
6576,94.547922211,94.5479222111,127.260388945
6600,94.5631888772,94.5631888774,127.184055614
6624,94.5784463862,94.5784463863,127.107768069
6648,94.5936947434,94.5936947435,127.031526283
6672,94.6089339543,94.6089339545,126.955330228
6696,94.6241640245,94.6241640246,126.879179878
6720,94.6393849593,94.6393849595,126.803075203
6744,94.6545967643,94.6545967645,126.727016178
6768,94.669799445,94.6697994452,126.651002775
6792,94.6849930068,94.684993007,126.575034966
6816,94.7001774552,94.7001774554,126.499112724
6840,94.7153527957,94.7153527959,126.423236022
6864,94.7305190337,94.7305190338,126.347404832
6888,94.7456761746,94.7456761748,126.271619127
6912,94.7608242241,94.7608242243,126.19587888
6936,94.7759631874,94.7759631876,126.120184063
6960,94.79109307,94.7910930702,126.04453465
6984,94.8062138775,94.8062138777,125.968930613
7008,94.8213256152,94.8213256154,125.893371924
7032,94.8364282886,94.8364282888,125.817858557
7056,94.851521903,94.8515219033,125.742390485
7080,94.8666064641,94.8666064643,125.66696768
7104,94.8816819771,94.8816819773,125.591590115
7128,94.8967484475,94.8967484477,125.516257762
7152,94.9118058808,94.911805881,125.440970596
7176,94.9268542822,94.9268542825,125.365728589
7200,94.9418936574,94.9418936577,125.290531713
