id,category,category_name,title,publisher,year,version,subsystem,usefulness,rating,source_type,pdf_url,landing_url,pdf_status,access_note,limitations,reading_hint,checked_at,community_evidence,evidence_note
SX01,1,Falcon 9 dan Falcon Heavy,Falcon User’s Guide,SpaceX,2025,9 Mei 2025,"Falcon 9/Falcon Heavy; struktur, Merlin, avionik, antarmuka payload, lingkungan penerbangan","Rujukan awal untuk geometri, batas massa dan volume, antarmuka mekanis, beban, lingkungan termal, serta persyaratan integrasi dan verifikasi payload.",Essential,Dokumen primer SpaceX,https://www.spacex.com/assets/media/falcon-users-guide-2025-05-09.pdf,https://www.spacex.com/vehicles/falcon-9/,opened,Respons PDF dan isi dokumen berhasil dibuka pada pemeriksaan.,"Panduan pelanggan; tidak menyediakan CAD internal, peta mesin lengkap, atau kode penerbangan.","Bagian 2.3 dan 2.5; bagian lingkungan, antarmuka, serta verifikasi payload.",9/3/2026,https://www.elonx.net/documents/,ElonX mengindeks keluarga Falcon User’s Guide; ini tidak membuktikan popularitas khusus edisi 2025.
SX02,1,Falcon 9 dan Falcon Heavy,Rideshare Payload User’s Guide,SpaceX,2026,"Version 11; sampul Agustus 2026, change log Juli 2026","Payload adapter, mekanika, kelistrikan, EMC, deployment, ground support equipment","Sangat berguna untuk rekonstruksi antarmuka payload: gambar dimensi, konfigurasi pelat, koneksi listrik, lingkungan getaran, dan metode uji.",Essential,Dokumen primer SpaceX,https://storage.googleapis.com/rideshare-static/Rideshare_Payload_Users_Guide.pdf,https://www.spacex.com/rideshare/,opened,Respons PDF dan isi dokumen berhasil dibuka pada pemeriksaan.,URL dapat berubah isinya mengikuti revisi. Sampul dan change log berbeda satu bulan; gunakan nomor versi 11 sebagai identitas utama.,"Bagian 2, 4–7 dan lampiran gambar antarmuka.",9/3/2026,https://fedevel.com/blog/spacex-rideshare-payload-users-guide ; https://www.reddit.com/r/spacex/comments/ezam7o/spacex_rideshare_payload_guide_pdf/,Keduanya membahas edisi lebih lama; bukti penggunaan berlaku pada keluarga panduan.
SX03,1,Falcon 9 dan Falcon Heavy,NASA Independent Review Team: SpaceX CRS-7 Accident Investigation Report — Public Summary,NASA,2018,12 Maret 2018; peristiwa 28 Juni 2015,"Upper stage Falcon 9; tangki LOX, COPV helium, strut, kualifikasi komponen","Menghubungkan konfigurasi perangkat keras, bukti investigasi, dan proses pengujian. Berguna untuk menilai asumsi struktur dan kemungkinan mekanisme kegagalan.",Essential,Ringkasan investigasi primer NASA,https://www.nasa.gov/sites/default/files/atoms/files/public_summary_nasa_irt_spacex_crs-7_final.pdf,,opened,Respons PDF dan isi dokumen berhasil dibuka pada pemeriksaan.,"Ringkasan publik, bukan seluruh berkas investigasi. Pertahankan tingkat kepastian masing-masing temuan.","Bagian investigasi, temuan, dan rekomendasi.",9/3/2026,https://www.reddit.com/r/spacex/comments/83yeod/nasa_independent_review_team_spacex_crs7_accident/,Diskusi komunitas secara langsung membahas dokumen ini.
SX04,2,Starship dan Super Heavy,Starship User’s Guide,SpaceX; salinan ElonX,2020,"Revision 1.0, Maret 2020","Starship; payload envelope, konfigurasi misi, antarmuka payload","Titik acuan historis untuk membandingkan perubahan geometri, konsep operasi, dan kebutuhan payload Starship.",High,Dokumen primer SpaceX melalui mirror,https://www.elonx.cz/docs/starship_users_guide_v1.pdf,https://www.elonx.net/documents/,pending,"PDF ditemukan dalam indeks publik, tetapi unduhan tidak berhasil dibuka saat pemeriksaan.",Desain pendahuluan tahun 2020; jangan menjadikannya spesifikasi kendaraan yang terbang sekarang.,Diagram payload dan uraian misi.,9/3/2026,https://www.reddit.com/r/spacex/comments/fsar85/starship_users_guide/,Diskusi komunitas membahas penerbitan panduan ini.
SX05,2,Starship dan Super Heavy,Final Tiered Environmental Assessment: Starship/Super Heavy Vehicle Increased Cadence at Boca Chica,FAA,2025,25-Apr,"Starship/Super Heavy; dimensi, propelan, mesin, profil penerbangan, fasilitas","Bab uraian kegiatan dan tabel kendaraan menyediakan batas konfigurasi, inventaris propelan, serta hubungan kendaraan dengan fasilitas darat.",Essential,Dokumen primer pemerintah; kajian lingkungan,https://www.faa.gov/media/94346,https://www.faa.gov/space/stakeholder_engagement/spacex_starship,opened,Respons PDF dan isi dokumen berhasil dibuka pada pemeriksaan.,Sebagian parameter adalah rencana atau batas skenario yang dinilai. Dokumen ini tidak membuktikan konfigurasi aktual setiap penerbangan.,Chapter 2 dan tabel karakteristik kendaraan.,9/3/2026,,Pemakaian berulang edisi ini oleh komunitas belum dinilai.
SX06,2,Starship dan Super Heavy,SpaceX Starship SN10 Prototype Safety Analysis: A Case Study on Organization’s Needs Management,Journal of Aerospace Technology and Management; Reinhardt dkk.,2024,"Volume 16, e3724; DOI 10.1590/jatm.v16.1357","SN10; pressurization, system safety, interaksi keputusan desain dan operasi","Contoh penerapan STAMP, CAST, dan STPA pada informasi publik SN10; membantu menyusun hipotesis bahaya dan kebutuhan sistem pressurization.",Supporting,Analisis akademik independen,https://www.scielo.br/j/jatm/a/5T94g6Nxj4hdz5jbKk657Sx/?format=pdf&lang=en,https://doi.org/10.1590/jatm.v16.1357,opened,Respons PDF dan isi dokumen berhasil dibuka pada pemeriksaan.,Analisis berbasis informasi publik dengan fokus keselamatan organisasi; bukan laporan investigasi resmi atau validasi desain internal.,"Model sistem, analisis kausal, dan rekomendasi pressurization.",9/3/2026,,Tidak ada klaim popularitas atau penggunaan berulang.
SX07,3,Merlin dan Raptor propulsion,Statement of Gwynne Shotwell before the House Armed Services Subcommittee on Strategic Forces,SpaceX / U.S. House of Representatives,2015,17 Maret 2015,Merlin 1D; pengujian dan produksi mesin; konsep awal Raptor full-flow staged combustion,"Sumber primer historis untuk melacak pernyataan SpaceX tentang pilihan siklus Raptor, propelan, reuse, serta pengalaman produksi Merlin.",Supporting,Kesaksian resmi SpaceX di Kongres,https://docs.house.gov/meetings/AS/AS29/20150317/103135/HHRG-114-AS29-Wstate-ShotwellG-20150317.pdf,,opened,Respons PDF dan isi dokumen berhasil dibuka pada pemeriksaan.,Dokumen kebijakan dengan bagian teknis singkat; tidak memuat desain turbopump atau parameter Raptor produksi.,Halaman 14 PDF untuk Merlin dan Raptor.,9/3/2026,,"Dipilih sebagai bukti primer arsitektur historis, bukan karena kedalaman teknis seluruh dokumen."
SX08,3,Merlin dan Raptor propulsion,"Computer Program for Calculation of Complex Chemical Equilibrium Compositions and Applications, II: Users Manual and Program Description",NASA; McBride dan Gordon; mirror RocketCEA,1996,"NASA RP-1311, Part II",Metode analisis termokimia propelan; relevan untuk LOX/RP-1 dan LOX/metana,"Dasar perhitungan equilibrium, c*, Isp ideal, dan sensitivitas campuran untuk menguji kewajaran model Merlin/Raptor.",High,Manual metode NASA; bukan dokumen desain SpaceX,https://rocketcea.readthedocs.io/en/latest/_static/CEA_User_Manual_(NASA_RP-1311).pdf,https://ntrs.nasa.gov/citations/19960044559,opened,Respons PDF dan isi dokumen berhasil dibuka pada pemeriksaan.,"Hasil ideal tidak menentukan efisiensi mesin aktual, geometri injector, cooling channel, atau performa turbopump.","Format input, rocket performance, contoh perhitungan, dan batas model.",9/3/2026,,Dinilai sebagai metode pendukung; tidak diklaim khusus dipakai oleh SpaceX.
SX09,4,"Avionics, flight software, telemetry, dan GN&C",Autonomous Precision Landing of Space Rockets,"Lars Blackmore, SpaceX / National Academy of Engineering, The Bridge",2016,"Winter 2016, volume 46 nomor 4, halaman 15–20","Powered landing; guidance, trajectory optimization, kendala aktuator",Penjelasan oleh engineer SpaceX tentang persoalan pendaratan presisi dan optimasi lintasan; membantu merumuskan kebutuhan simulator landing.,High,Tulisan primer engineer SpaceX,https://www.larsblackmore.com/nae_bridge_2016.pdf,https://www.nae.edu/164334/Autonomous-Precision-Landing-of-Space-Rockets,pending,Judul dan alamat PDF teridentifikasi; endpoint penulis gagal dibuka saat pemeriksaan.,Uraian teknis konseptual; bukan source code atau spesifikasi flight software.,Formulasi masalah pendaratan dan peran optimasi.,9/3/2026,https://www.reddit.com/r/SpaceXLounge/comments/aa241g/anyone_knows_where_i_can_read_about_the_math/,Dirujuk dalam diskusi matematika pendaratan komunitas.
SX10,4,"Avionics, flight software, telemetry, dan GN&C",Signal Structure of the Starlink Ku-Band Downlink,"Humphreys, Iannucci, Komodromos dan Graff; University of Texas at Austin",2022,Preprint 2022; publikasi jurnal IEEE 2023,"Starlink RF; waveform downlink, OFDM, sinkronisasi, timing","Contoh langsung rekonstruksi struktur sinyal dari pengukuran, dengan model yang dapat dibandingkan dengan observasi.",Essential,Penelitian independen berbasis pengukuran,https://arxiv.org/pdf/2210.11578,https://arxiv.org/abs/2210.11578,opened,Respons PDF dan isi dokumen berhasil dibuka pada pemeriksaan.,Membahas downlink Starlink; tidak menyediakan protokol telemetri internal Falcon/Dragon atau akses isi komunikasi pelanggan.,"Struktur frame, sinkronisasi, dan metodologi estimasi.",9/3/2026,,Kesesuaian ditunjukkan oleh metode pengukuran dan rekonstruksi dalam paper; frekuensi kutipan tidak dihitung.
SX11,5,"Structures, materials, aerodynamics, dan thermal protection",Post-Flight Evaluation of PICA and PICA-X: Comparisons of the Stardust SRC and Space-X Dragon 1 Forebody Heatshield Materials,NASA Ames; Stackpoole dkk.,2013,Publikasi 2013; rekaman NTRS 20140005558,"Dragon 1; PICA/PICA-X, ablasi, kondisi material setelah penerbangan","Menghubungkan material TPS dengan bukti pascapenerbangan, sehingga lebih kuat untuk studi rekonstruksi daripada asumsi dari foto eksterior saja.",Essential,Publikasi primer NASA,https://ntrs.nasa.gov/api/citations/20140005558/downloads/20140005558.pdf,https://ntrs.nasa.gov/citations/20140005558,pending,NTRS mengidentifikasi berkas PDF publik; endpoint unduhan gagal dibuka saat pemeriksaan.,Konfigurasi dan material Dragon 1 historis; tidak otomatis mewakili seluruh varian Dragon atau TPS Starship.,"Perbandingan material, lokasi sampel, dan evaluasi pascapenerbangan.",9/3/2026,https://www.reddit.com/r/spacex/comments/aqqba3/known_and_unknown_information_about_dragons_heat/,Diskusi rekonstruksi heatshield Dragon merujuk dokumen ini.
SX12,5,"Structures, materials, aerodynamics, dan thermal protection",A Perspective on the Design and Development of the SpaceX Dragon Spacecraft Heatshield,"Daniel J. Rasky, NASA Ames / 5th Ablation Workshop, University of Kentucky",2012,"Keynote, 28 Februari 2012",Dragon; pengembangan heatshield dan PICA-X,"Memberikan konteks teknis keputusan pengembangan, manufaktur, dan pengujian heatshield dari peneliti NASA yang terlibat.",High,Presentasi primer NASA dalam workshop teknis,https://uknowledge.uky.edu/cgi/viewcontent.cgi?article=1029&context=ablation,https://uknowledge.uky.edu/ablation/2012/Keynote/1/,pending,Rekaman institusi dan tautan unduhan tersedia; PDF gagal dibuka saat pemeriksaan.,"Presentasi pengembangan historis, bukan spesifikasi material atau gambar produksi lengkap.","Riwayat pengembangan, pengujian, dan pilihan material.",9/3/2026,,Dipilih karena keterlibatan langsung penulis; popularitas tidak dihitung.
SX13,5,"Structures, materials, aerodynamics, dan thermal protection",Aerothermal Databases and Load Predictions for Retro Propulsion-Assisted Launch Vehicles (RETALT),"Mariasole Laureti dan Sebastian Karl, DLR / CEAS Space Journal",2022,DOI 10.1007/s12567-021-00413-0,"Aerothermodynamics, retropropulsion, plume interaction, thermal protection",Menjelaskan pembuatan basis data CFD dan estimasi beban panas sepanjang lintasan pada konfigurasi RETALT1 yang menyerupai Falcon 9.,High,Penelitian metode DLR; kendaraan pembanding,https://elib.dlr.de/148410/1/Laureti-Karl2022_Article_AerothermalDatabasesAndLoadPre.pdf,https://elib.dlr.de/148410/,opened,Respons PDF dan isi dokumen berhasil dibuka pada pemeriksaan.,Geometri dan hasil termal RETALT1 tidak boleh dianggap sebagai data Falcon 9.,"Model numerik, matriks CFD, heating pattern, dan sensitivitas turbulensi.",9/3/2026,,"Relevansi berasal dari metode serta konfigurasi pembanding, bukan bukti implementasi SpaceX."
SX14,5,"Structures, materials, aerodynamics, dan thermal protection",Brightness Mitigation Best Practices for Satellite Operators,SpaceX / Starlink,Tanpa tanggal,PDF menyebut workshop 2022; tahun penerbitan tidak dinyatakan,"Starlink; material optik, pelapis, visors, attitude, pertukaran kebutuhan daya dan termal","Uraian primer hubungan antara desain permukaan satelit, refleksi cahaya, penunjukan solar array, dan kendala operasi.",High,Dokumen primer SpaceX,https://starlink.com/public-files/BrightnessMitigationBestPracticesSatelliteOperators.pdf,,opened,Respons PDF dan isi dokumen berhasil dibuka pada pemeriksaan.,Berfokus pada mitigasi kecerlangan satelit; bukan data TPS roket. Tahun tidak disimpulkan hanya dari nama workshop.,"Material permukaan, dielectric mirror film, dan teknik pengaturan attitude.",9/3/2026,,Tidak ada klaim penggunaan berulang dalam komunitas reverse engineering.
SX15,6,"Launch pad, ground systems, dan recovery","Written Re-evaluation of the 2022 PEA: Deluge System Operation, Addition of a Forward Heat Shield Interstage, and Expansion of the Area of Potential Effects for Cultural Resources",FAA,2023,23-Nov,"Boca Chica; deluge, water-cooled steel plate, ground systems, hot-stage heat shield","Sumber primer bernilai tinggi untuk memahami hubungan pelindung landasan, sistem air, pengoperasian mesin, dan perlindungan interstage.",Essential,Dokumen primer pemerintah; perubahan konfigurasi untuk perizinan,https://www.faa.gov/media/72816,https://www.faa.gov/space/stakeholder_engagement/spacex_starship,opened,Respons PDF dan isi dokumen berhasil dibuka pada pemeriksaan.,Menggambarkan perubahan yang dinilai pada 2023; bukan gambar as-built seluruh fasilitas.,Halaman 2–7 PDF dan deskripsi sistem deluge.,9/3/2026,https://elib.dlr.de/214509/1/s12567-025-00625-8.pdf,Paper DLR 2025 mencantumkan written re-evaluation FAA 2023 pada referensi 26.
SX16,6,"Launch pad, ground systems, dan recovery","Draft Environmental Impact Statement for Authorizing Changes to the Falcon Launch Program at Vandenberg Space Force Base, California",U.S. Department of the Air Force / U.S. Space Force,2025,"Draft, Mei 2025","SLC-4/SLC-6; peluncuran, pendaratan, penyimpanan propelan, infrastruktur Falcon","Peta fasilitas dan uraian kegiatan membantu merekonstruksi fungsi pad, alur ground operations, serta skenario launch dan recovery.",High,Dokumen primer pemerintah; draft EIS,https://vsfbfalconlauncheis.com/Portals/falconprogrameis/PublicDocuments/VSFB_Falcon_Launch_Draft_EIS_May_2025Rev.pdf,https://vsfbfalconlauncheis.com/,opened,Respons PDF dan isi dokumen berhasil dibuka pada pemeriksaan.,Tetap berstatus draft Mei 2025 dalam katalog ini. Rencana tidak sama dengan persetujuan atau fasilitas yang telah dibangun.,"Uraian proposed action, peta fasilitas, dan profil operasi.",9/3/2026,,Dipilih karena detail fasilitas; tidak diklaim sebagai versi final terbaru.
SX17,6,"Launch pad, ground systems, dan recovery","Starship/Super Heavy at Kennedy Space Center LC-39A: Final Environmental Impact Statement, Volume I",FAA,2026,Januari 2026,"LC-39A; Starship/Super Heavy, pad, propellant infrastructure, launch/landing operations","Rujukan utama untuk memetakan rencana fasilitas Starship di KSC, kebutuhan sistem darat, dan batas skenario operasi.",Essential,Dokumen primer pemerintah; final EIS,https://www.faa.gov/space/stakeholder_engagement/spacex_starship_ksc/SpaceX-SSH-LC-39A-Final-EIS-Volume-I.pdf,https://www.faa.gov/space/stakeholder_engagement/spacex_starship_ksc,pending,Tautan PDF dikonfirmasi pada halaman FAA dan rekaman EIS; berkas besar gagal dibuka saat pemeriksaan.,Final EIS bukan gambar as-built atau izin tanpa syarat untuk semua skenario yang dibahas.,Volume I: uraian proyek dan alternatif fasilitas.,9/3/2026,,Identitas publikasi juga tercatat di EPA: https://cdxapps.epa.gov/cdx-enepa-II/public/action/eis/details?eisId=547361
SX18,7,Dragon dan spacecraft systems,Development of the Crew Dragon ECLSS,"Jason Silverman, Andrew Irby dan Theodore Agerton, SpaceX / ICES; repositori Texas Tech University",2020,ICES-2020-333,"Crew Dragon; environmental control and life support, air revitalization, kelembapan, kontrol atmosfer","Paper penulis SpaceX tentang pengembangan ECLSS; berguna untuk memahami arsitektur, pilihan teknologi, integrasi, dan proses verifikasi.",Essential,Paper konferensi primer SpaceX,https://ttu-ir.tdl.org/bitstreams/72897181-04f2-4ae2-85b0-569d5acef49d/download,https://ttu-ir.tdl.org/items/43868cc4-9083-4ca6-b865-d6d3897fb658,pending,Rekaman universitas mencantumkan ICES-2020-333.pdf; unduhan gagal dibuka saat pemeriksaan.,"Tidak memuat seluruh gambar produksi, software kontrol, atau spesifikasi rinci yang dibutuhkan untuk membangun sistem operasional.","Pemilihan arsitektur, pengendalian atmosfer, dan program pengujian.",9/3/2026,https://www.reddit.com/r/spacex/comments/i3a8aj/paper_development_of_the_crew_dragon_eclss/,Diskusi komunitas secara langsung membahas paper ini.
SX19,7,Dragon dan spacecraft systems,"International Docking System Standard: Interface Definition Document, Revision F",Mitra International Docking System Standard; mirror New Space Economy,2022,"Revision F, Juli 2022","Antarmuka docking; soft capture, hard capture, geometri, beban, kompatibilitas",Acuan dimensi dan batas antarmuka untuk studi kompatibilitas docking Dragon dengan ISS; membantu memisahkan antarmuka standar dari mekanisme internal.,High,Standar teknis antarlembaga melalui mirror,https://newspaceeconomy.ca/wp-content/uploads/2024/08/idss_idd_revision_f.pdf,https://www.internationaldockingstandard.com/,opened,Respons PDF dan isi dokumen berhasil dibuka pada pemeriksaan.,Standar ini tidak mengungkap desain internal docking system Dragon. PDF mirror dipakai karena endpoint resmi tidak berhasil dibuka.,"Gambar antarmuka, capture envelope, dan persyaratan beban.",9/3/2026,,Dokumen standar pendukung; tidak diklaim sebagai manual SpaceX.
SX20,7,Dragon dan spacecraft systems,SpaceX Demonstration Mission: Mission Objectives,NASA / SpaceX,2012,Misi demonstrasi COTS 2/3; tahun mengikuti konteks misi,"Dragon COTS; rendezvous, relative GPS, LIDAR, komunikasi UHF, abort dan free drift",Daftar demonstrasi penerbangan memberi skenario verifikasi yang konkret untuk model rendezvous dan urutan operasi Dragon.,Supporting,Dokumen misi primer; dua halaman,https://www.nasa.gov/wp-content/uploads/2015/06/641018main_pk_objectives.pdf,,opened,Respons PDF dan isi dokumen berhasil dibuka pada pemeriksaan.,"Daftar tujuan demonstrasi, bukan algoritma GN&C. Tanggal direktori unggahan 2015 bukan tahun misi.",Tujuan demonstrasi pendekatan ISS dan operasi proximity.,9/3/2026,,"Dipilih karena tujuan uji spesifik, bukan detail implementasi avionik."
SX21,8,"FCC, FAA, NASA, dan government technical documents","SpaceX Non-Geostationary Satellite System: Attachment A, Technical Information to Supplement Schedule S","Space Exploration Holdings, LLC / filing FCC",2016,SAT-LOA-20161115-00118,"Starlink awal; orbit, beam, antena, spektrum, parameter jaringan","Lampiran teknis pengajuan awal untuk merekonstruksi asumsi konstelasi dan radio, lalu membandingkannya dengan perubahan perizinan berikutnya.",High,Lampiran teknis primer SpaceX dalam filing regulator,https://licensing.fcc.gov/myibfs/download.do?attachment_key=1158350,https://docs.fcc.gov/public/attachments/FCC-18-38A1.pdf,pending,Alamat unduhan FCC lama teridentifikasi melalui sitasi; akses endpoint lama belum berhasil diverifikasi.,Konfigurasi historis. FCC 18-38 mencatat erratum 22 November 2016 untuk skala kontur antena; verifikasi revisi sebelum mengambil angka atau diagram.,Parameter sistem dan antena; cocokkan dengan erratum serta Schedule S.,9/3/2026,https://arxiv.org/pdf/2103.00056,Alamat lampiran teridentifikasi dalam referensi penelitian konstelasi; frekuensi sitasi tidak dihitung.
SX22,8,"FCC, FAA, NASA, dan government technical documents","SpaceX NGSO Satellite System: Memorandum Opinion, Order and Authorization, FCC 18-38",FCC,2018,Dirilis 29 Maret 2018,"Starlink generasi awal; orbit, spektrum, interferensi, persyaratan otorisasi","Sumber primer untuk batas rancangan konstelasi yang disetujui dan jejak perubahan terhadap filing awal, termasuk rujukan koreksi lampiran antena.",High,Keputusan regulator primer,https://docs.fcc.gov/public/attachments/FCC-18-38A1.pdf,https://www.fcc.gov/document/fcc-authorizes-spacex-provide-broadband-satellite-services,opened,Respons PDF dan isi dokumen berhasil dibuka pada pemeriksaan.,Konfigurasi yang diotorisasi tidak sama dengan konstelasi yang benar-benar dikerahkan; dokumen ini historis.,"Uraian sistem, syarat izin, dan catatan kaki filing.",9/3/2026,,"Digunakan sebagai sumber primer parameter perizinan, bukan spesifikasi seluruh perangkat keras."
SX23,8,"FCC, FAA, NASA, dan government technical documents","SpaceX Gen2 NGSO Satellite System: Authorization and Order, DA 26-36",FCC Space Bureau,2026,9 Januari 2026,"Starlink Gen2; orbital shells, frekuensi, interferensi, debris mitigation",Memberikan parameter dan syarat otorisasi generasi berikutnya untuk dibandingkan dengan filing lama dan model jaringan satelit.,High,Keputusan regulator primer,https://docs.fcc.gov/public/attachments/DA-26-36A1.pdf,,opened,Respons PDF dan isi dokumen berhasil dibuka pada pemeriksaan.,"Jumlah dan orbit yang diizinkan tidak membuktikan jumlah satelit aktif. Jangan mencampur konfigurasi 2016, 2018, dan 2026.","Grant, tabel orbital shells, syarat operasi, dan lampiran order.",9/3/2026,,Tidak ada klaim sebagai dokumen terakhir seluruh perizinan Starlink.
SX24,9,Patents dan academic research,Antenna Modules for Phased Array Antennas,USPTO; assignee Space Exploration Technologies Corp.,2021,US11018436B2; granted 25 Mei 2021,"Phased-array antenna; modul RF, PCB, integrasi mekanis dan termal",Gambar dan klaim mengungkap alternatif susunan modul serta hubungan komponen yang sering sulit ditafsirkan hanya dari foto perangkat.,High,Paten publik SpaceX,https://patentimages.storage.googleapis.com/03/b1/aa/2f756b99c8fefd/US11018436.pdf,https://patents.google.com/patent/US11018436B2/en,opened,Respons PDF dan isi dokumen berhasil dibuka pada pemeriksaan.,Paten menjelaskan invensi yang diklaim; tidak membuktikan bahwa satu konfigurasi tertentu dipakai dalam produk produksi.,"Gambar, detailed description, claims, dan keluarga paten.",9/3/2026,,Dipilih berdasarkan assignee dan nilai gambar teknis; tidak ada klaim popularitas.
SX25,9,Patents dan academic research,Successive Convexification for 6-DoF Mars Rocket Powered Landing with Free-Final-Time,"Michael Szmuk dan Behçet Açıkmeşe, University of Washington / AIAA",2018,AIAA 2018-0617; arXiv 1802.03827,"Metode GN&C; optimasi pendaratan 6-DoF, kendala thrust, waktu akhir bebas",Menyediakan formulasi matematis untuk membangun dan menguji simulator powered landing dengan dinamika dan kendala yang eksplisit.,High,Paper metode akademik; bukan implementasi SpaceX,https://arxiv.org/pdf/1802.03827,https://arxiv.org/abs/1802.03827,opened,Respons PDF dan isi dokumen berhasil dibuka pada pemeriksaan.,Kasus pendaratan Mars; tidak ada dasar untuk menganggap algoritmanya identik dengan flight software Falcon atau Starship.,"Formulasi optimal control, convexification, dan hasil numerik.",9/3/2026,,Dimasukkan sebagai metode pendukung studi pendaratan.
SX26,9,Patents dan academic research,Generalized hp Pseudospectral Convex Programming for Powered Descent and Landing,"Marco Sagliano, DLR / AIAA",2018,AIAA 2018-1870,"Metode GN&C; transkripsi pseudospectral, convex programming, powered descent",Pembanding formulasi numerik untuk menilai ketelitian lintasan dan perilaku solver pada studi pendaratan roket.,High,Paper metode DLR; bukan implementasi SpaceX,https://elib.dlr.de/118313/1/Generalized_hp_pseudospectral_convex_algorithm_for_powered_descent_and_landing.pdf,https://elib.dlr.de/118313/,opened,Respons PDF dan isi dokumen berhasil dibuka pada pemeriksaan.,Metode umum; keberhasilan kasus numerik tidak memvalidasi pengendali kendaraan SpaceX.,"Transkripsi, kendala, dan kasus uji numerik.",9/3/2026,,Dimasukkan sebagai pembanding metode.
SX27,10,Reverse-engineering reports dan independent technical analyses,Comparison of SpaceX’s Starship with Winged Heavy-Lift Launcher Options for Europe,"Herberhold, Bussler, Sippel dan Wilken, DLR / CEAS Space Journal",2025,"Terbit daring 2025; edisi jurnal 2026, volume 18, halaman 121–144","Starship/Super Heavy; Raptor, massa, tangki, lintasan, performa dan recovery","Salah satu sumber paling sesuai untuk rekonstruksi: membangun model dari data publik, memodelkan Raptor, dan mengkalibrasi lintasan terhadap empat uji terbang awal.",Essential,Penelitian rekonstruksi independen DLR,https://elib.dlr.de/214509/1/s12567-025-00625-8.pdf,https://elib.dlr.de/214509/,opened,Respons PDF dan isi dokumen berhasil dibuka pada pemeriksaan.,"Massa, efisiensi, dan parameter internal tertentu merupakan estimasi. Kalibrasi terhadap data publik tidak menjadikannya spesifikasi resmi SpaceX.","Bagian 2.1.1 untuk Raptor, 2.1.2 untuk tangki/massa, lalu kalibrasi lintasan dan analisis sensitivitas.",9/3/2026,https://ringwatchers.com/article/booster-prop-distribution ; https://github.com/chrisjbillington/starship_telemetry,Bibliografi paper merujuk Ringwatchers pada referensi 24 dan Starship Telemetry Extractor pada referensi 36.
SX28,10,Reverse-engineering reports dan independent technical analyses,Multidisciplinary Design Optimization of Reusable Launch Vehicles for Different Propellants and Objectives,"Dresia dkk.; DLR, RWTH Aachen, UFABC / Journal of Spacecraft and Rockets",2021,DOI 10.2514/1.A34944,"Reusable launch vehicles; massa, propelan, lintasan ascent/descent, optimasi","Menunjukkan cara menghubungkan model massa, propulsi, dan lintasan dalam optimasi kendaraan, termasuk pembandingan dengan Falcon 9.",High,Penelitian independen dengan pembanding Falcon 9,https://elib.dlr.de/141082/1/1.A34944.pdf,https://elib.dlr.de/141082/,opened,Respons PDF dan isi dokumen berhasil dibuka pada pemeriksaan.,Sebagian hasil adalah rancangan hasil optimasi; tidak semua angka atau kendaraan dalam paper merepresentasikan Falcon 9.,"Model subsistem, referensi Falcon 9, asumsi, dan sensitivitas tujuan optimasi.",9/3/2026,,Relevansi berasal dari metode dan pembandingan dalam paper; frekuensi kutipan tidak dihitung.
SX29,10,Reverse-engineering reports dan independent technical analyses,Technical Report on Different RLV Return Modes’ Performances,"Sven Stappert, Madalin Simioana dan Martin Sippel; DLR / proyek FALCon, Horizon 2020",2020,Deliverable D2.1; final 19 Oktober 2020,"Recovery; RTLS, downrange landing, massa propelan, performa dan operasi","Laporan rinci untuk membandingkan konsekuensi metode recovery terhadap massa, lintasan, kapasitas payload, dan operasi peluncur reusable.",High,Laporan teknis independen DLR/EU,https://elib.dlr.de/137735/1/FALCon-Deliverable-D21.pdf,https://elib.dlr.de/137735/,opened,Respons PDF dan isi dokumen berhasil dibuka pada pemeriksaan.,FALCon adalah nama proyek Eropa. Model kendaraan dan biaya tidak otomatis merupakan data Falcon 9 milik SpaceX.,Bab 3–5 dan skenario VTVL.,9/3/2026,,Tidak ada klaim dokumen ini diterbitkan oleh SpaceX.
SX30,10,Reverse-engineering reports dan independent technical analyses,Exploring the “Internet from Space” with Hypatia,"Kassing dkk., ETH Zürich / ACM Internet Measurement Conference",2020,DOI 10.1145/3419394.3423635,"Komunikasi satelit; topologi LEO, routing, latency, simulasi jaringan",Kerangka simulasi jaringan konstelasi yang dapat dipakai untuk menguji konsekuensi asumsi orbit dan konektivitas pada model Starlink.,High,Paper simulasi independen; salinan penulis,https://bdebopam.github.io/papers/imc2020-hypatia.pdf,https://doi.org/10.1145/3419394.3423635,opened,Respons PDF dan isi dokumen berhasil dibuka pada pemeriksaan.,Model jaringan tidak mengungkap implementasi routing internal atau telemetri kendaraan peluncur SpaceX.,"Metodologi simulasi, konfigurasi konstelasi, dan hasil latency/routing.",9/3/2026,,Dipilih karena kemampuan reproduksi model jaringan.
,,,,,,,,,,,,,,,,,,,
,,http://www.charleslesher.com/my-cad-models.html,,,,,,,,,,,,,,,,,
